,full_name,group_id,shrot_name,user_id
0,–°—Ç—Ä–æ–∏—Ç–µ–ª—å—Å—Ç–≤–æ –∏ —Ä–µ–º–æ–Ω—Ç,124999723,stroy_ok,6582921
1,–ê–í–¢–û –ü–û–ß–¢–ò –î–ê–†–û–ú ‚Ä¢ –ü–∏—Ç–µ—Ä ‚Ä¢ –°–ü–ë ‚Ä¢ –°–∞–Ω–∫—Ç-–ü–µ—Ç–µ—Ä–±—É—Ä–≥,128890453,avtoobmen98,6582921
2,"–≠—Ç–æ –ü–∏—Ç–µ—Ä, –¥–µ—Ç–∫–∞! [–¢–∏–ø–∏—á–Ω—ã–π –ü–∏—Ç–µ—Ä]",31516466,piter,6582921
3,–í–∑—Ä–æ—Å–ª—ã–π –Æ–º–æ—Ä,99800441,humor_tev,6582921
4,–§–ö ¬´–ó–µ–Ω–∏—Ç¬ª,16824047,zenit,6582921
5,–°—Ç–∞–Ω–∫–∏ –ß–ü–£ –¥–ª—è –≤—ã–∂–∏–≥–∞–Ω–∏—è –ø–æ –¥–µ—Ä–µ–≤—É,44244906,pirograf_ekb,6582921
6,–°–µ—Ä–≥–µ–π –®–Ω—É—Ä–æ–≤ (–≥—Ä—É–ø–ø–∞ –õ–µ–Ω–∏–Ω–≥—Ä–∞–¥),23053131,s_shnurov,6582921
7,Tkeycoin Platform,159873992,tkeycoin,6582921
8,–†–µ–ª—å–µ—Ñ ‚Äî  —Å—É—à–∫–∞ / —Ñ–∏—Ç–Ω–µ—Å / —Å–ø–æ—Ä—Ç / –ø–∏—Ç–∞–Ω–∏–µ,90584108,relief_and_esthetics,6582921
9,–ì—Ä–∞–±–∏—Ç–µ–ª–∏ –ë—É–∫–æ–≤,164234629,grab_bukov,6582921
10,–Ø–ñ–ï–°–ü–û–†–¢–°–ú–ï–ù,162961094,club162961094,6582921
11,–Å–ü,12382740,fuck_humor,6582921
12,–ú–∞–Ω–∏–º–µ–π–∫–µ—Ä,165032649,moneymakerbro,6582921
13,Hostel Livadia,153074596,club153074596,6582921
14,–ê–∫–∞–¥–µ–º–∏—è —Ñ—É—Ç–±–æ–ª–∞,23342021,a.footballers,6582996
15,–£–±–µ–π—Å—è –ü–æ–∑–∏—Ç–∏–≤–æ–º üòÖ,24299135,i.like.this,6582996
16,–ú—É–∂—Å–∫–∏–µ –º—ã—Å–ª–∏,25397178,strog_pocan,6582996
17,–Ø –≤ —à–æ–∫–µ!,28761941,ishok,6582996
18,Men's Concept - –ú—É–∂—Å–∫–æ–π –∂—É—Ä–Ω–∞–ª,29719573,bad__boy_vk,6582996
19,–ü—Ä–∏–∫–æ–ª—ã,44758045,prikolist321,6582996
20,LIVE,2158488,live,6583086
21,–ì–æ—Ä–æ–¥ —É–≤–ª–µ—á–µ–Ω–Ω—ã—Ö –ª—é–¥–µ–π,36399115,hobbyomsk,6583086
22,Random Art,3305,club3305,6583089
23,–ò–Ω—Ç–µ—Ä–µ—Å–Ω—ã–µ –§–∞–∫—Ç—ã,346191,fakt1,6583089
24,–ë–û–†–©,460389,borsch,6583089
25,KEEP CALM,22182607,yourcalm,6583089
26,–ö–æ—Ç–∏–∫–∏,23300841,v.kote,6583089
27,Better than yesterday,23475118,better_than_yesterday,6583089
28,5 –∏–Ω—Ç–µ—Ä–µ—Å–Ω—ã—Ö —Ñ–∞–∫—Ç–æ–≤,25346844,v5inf,6583089
29,–°–ø–æ—Ä—Ç–∏–≤–Ω—ã–µ —Å—Ç–∞—Ç—å–∏ | Fitness,25740422,sport_stat,6583089
30,–ò—Å–∫—É—Å—Å—Ç–≤–æ —Ä–µ–∞–ª—å–Ω–æ—Å—Ç–∏,26307864,goodarts,6583089
31,iFeed,26858816,ifeed,6583089
32,–û–ß–ï–ù–¨ –õ–Å–ì–ö–ò–ô –ê–ù–ì–õ–ò–ô–°–ö–ò–ô -- PAPAMANGO,26983334,papamango,6583089
33,B e a u t √© | –¢–µ—Ä—Ä–∏—Ç–æ—Ä–∏—è –≤–¥–æ—Ö–Ω–æ–≤–µ–Ω–∏—è,27531145,beaute,6583089
34,–ë–∏–∑–Ω–µ—Å-—Ü–∏—Ç–∞—Ç–Ω–∏–∫. Online –∂—É—Ä–Ω–∞–ª,28556858,businessquotes,6583089
35,40 –ö–ì,28627911,40kg,6583089
36,–î–Ω–µ–≤–Ω–∏–∫ —É—Å–ø–µ—Ö–∞,28673372,stayapple,6583089
37,–ö–æ—Ä–ø–æ—Ä–∞—Ü–∏—è –ó–ª–∞,29246653,evil_incorparate,6583089
38,English Journal. –ê–Ω–≥–ª–∏–π—Å–∫–∏–π,29461256,studyenglish365,6583089
39,Just do it,29518065,fitness_home,6583089
40,Science|–ù–∞—É–∫–∞,29559271,sci,6583089
41,–û–º–∞—Ä –•–∞–π—è–º –∏ –¥—Ä—É–≥–∏–µ –≤–µ–ª–∏–∫–∏–µ —Ñ–∏–ª–æ—Å–æ—Ñ—ã,29868090,omarkhayyam,6583089
42,–¢–∏–ø–∏—á–Ω—ã–π –ë–µ–≥—É–Ω,29895912,trunner,6583089
43,Study Abroad: TOEFL/IELTS,30173115,go_study_abroad,6583089
44,–°–ü–û–†–¢ - –≠–¢–û –ñ–ò–ó–ù–¨,30360552,sports_is_life2019,6583089
45,–§–∏—Ç–Ω–µ—Å –∏ –∑–¥–æ—Ä–æ–≤—å–µ. –î–∏–µ—Ç—ã –∏ —Å–ø–æ—Ä—Ç.,30447908,ladyonline,6583089
46,–ê —Ç—ã –ø–æ–º–Ω–∏—à—å?,31048473,ti_pomnish,6583089
47,–õ—É—á—à–µ–µ –≤ —Å–µ—Ç–∏,31820675,toplyst,6583089
48,–î–Ω–µ–≤–Ω–∏–∫ –∂–µ–Ω—â–∏–Ω,32939817,women.diary,6583089
49,–§–∏–ª–æ—Å–æ—Ñ–∏—è | –ü—Å–∏—Ö–æ–ª–æ–≥–∏—è | –°–∞–º–æ—Ä–∞–∑–≤–∏—Ç–∏–µ,33080201,dr.house4you,6583089
50,English | –ê–Ω–≥–ª–∏–π—Å–∫–∏–π —è–∑—ã–∫,33489538,eng007,6583089
51,–ö–Ω–∏–≥–∞ —Ä–µ–∫–æ—Ä–¥–æ–≤ | –®–æ–∫,34543413,records_book,6583089
52,–î–Ω–µ–≤–Ω–∏–∫ —É—Å–ø–µ—Ö–∞,34815360,dnevnikuspexa,6583089
53,–ü—Ä–∏–∫–æ–ª—å–Ω—ã–µ –°–ú–°-–ø–µ—Ä–µ–ø–∏—Å–∫–∏,35347076,smsku,6583089
54,0% –∂–∏—Ä–Ω–æ—Å—Ç–∏,35486195,zerofat,6583089
55,–†–µ–¥–∫–∏–µ –∫–∞–¥—Ä—ã,35519861,redkadri,6583089
56,–ò—Å–∫—É—Å—Å—Ç–≤–æ –Ω–∞—Å–ª–∞–∂–¥–µ–Ω–∏—è,35835614,isk_nas,6583089
57,–°–∞—Ä–∫–∞–∑–º,35850939,humour,6583089
58,–ê–Ω–≥–ª–∏–π—Å–∫–∏–π —è–∑—ã–∫,36147615,english_is_fun,6583089
59,–ó–ª—ã–µ –º—ã—Å–ª–∏ —á–µ–ª–æ–≤–µ—á–µ—Å—Ç–≤–∞.,36736385,izloy,6583089
60,–≠—Ç–∞ –≤–µ—Å—ë–ª–∞—è –†–æ—Å—Å–∏—è,36959483,vk.policyhumor,6583089
61,–ê–Ω–≥–ª–∏–π—Å–∫–∏–π —è–∑—ã–∫,40167434,engl4you,6583089
62,–£—Ä–æ–∫–∏ –∂–∏–∑–Ω–∏ | –ü—Å–∏—Ö–æ–ª–æ–≥–∏—è,40709983,urokizhizni,6583089
63,Learn English IELTS + TOEFL,41057556,learn_english_learn,6583089
64,The True | –£–º–Ω—ã–π –∂—É—Ä–Ω–∞–ª,41226912,true.journal,6583089
65,–ú–´–°–õ–ò –ù–ê –ú–ò–õ–õ–ò–û–ù,42502560,mnm,6583089
66,–ü–æ—Ä–∞–∑–∏—Ç–µ–ª—å–Ω—ã–µ —Ñ–∞–∫—Ç—ã,43503725,best_fakts,6583089
67,–†–µ–π–∫–∏ | –ñ–∏—Ç—å —Å –≤–¥–æ—Ö–Ω–æ–≤–µ–Ω–∏–µ–º,44071155,solovive,6583089
68,–í—Ä–µ–¥–Ω—ã–π –ñ—É—Ä–Ω–∞–ª,44148704,looktips,6583089
69,Just English,44759043,just_eng,6583089
70,–ü–æ—á–µ–º—É?,45938293,vkwhy,6583089
71,–°–ø–æ—Ä—Ç –ê–ø—Ç–µ–∫–∞ | Esafosfina TAD 600 | FDP Medlac,46356732,esafosfina,6583089
72,BRAIN - —É–º–Ω—ã–π –∂—É—Ä–Ω–∞–ª!,48210134,brain4you,6583089
73,USA | –ù–æ–≤–∏–Ω–∫–∏ –ú—É–∑—ã–∫–∏ 2019,49543839,ussaaa,6583089
74,–†–ï–õ–¨–ï–§ /  —Ñ–∏—Ç–Ω–µ—Å / —Å–ø–æ—Ä—Ç / –∑–¥–æ—Ä–æ–≤—å–µ / –ø–∏—Ç–∞–Ω–∏–µ,51211972,fitness.journal,6583089
75,–ù–µ–≤–µ—Ä–æ—è—Ç–Ω–∞—è –∏—Å—Ç–æ—Ä–∏—è,53616464,history.facts,6583089
76,–≠–∑–æ—Ç–µ—Ä–∏–∫–∞. –°–∞–º–æ—Ä–∞–∑–≤–∏—Ç–∏–µ. –ü—É—Ç—å –∫ —Å–µ–±–µ,53665863,beliy_tiger,6583089
77,–ü—Å–∏—Ö–æ–ª–æ–≥–∏—è –î—É—à–∏,54343520,soul.psychology,6583089
78,–°–ø–æ—Ä—Ç–∏–≤–Ω–∞—è –Ω–∞—Ü–∏—è ‚Äî —Å–ø–æ—Ä—Ç / —Ñ–∏—Ç–Ω–µ—Å / —Ç—Ä–µ–Ω–∏—Ä–æ–≤–∫–∏,54625313,sport_moving,6583089
79,–î–µ—Ä–µ–≤–æ –ñ–µ–ª–∞–Ω–∏–π | –°–∏–º–æ—Ä–æ–Ω –∏ —ç–∑–æ—Ç–µ—Ä–∏–∫–∞,57067774,treedream,6583089
80,–≠–∑–æ—Ç–µ—Ä–∏–∫–∞ ‚Ä¢  –§–∏–ª–æ—Å–æ—Ñ–∏—è ‚Ä¢ –ü—Å–∏—Ö–æ–ª–æ–≥–∏—è,58294532,ezotericland,6583089
81,–•–∏—Ç—Ä–æ—Å—Ç–∏  –∂–∏–∑–Ω–∏!,58539776,easylife4you,6583089
82,–≠–Ω—Ü–∏–∫–ª–æ–ø–µ–¥–∏—è –ó–Ω–∞–Ω–∏–π,60234538,newfact,6583089
83,–ö–Ω–∏–∂–Ω—ã–π —á–µ—Ä–≤—å,60630223,bookswoorm,6583089
84,–Ø –≥–µ–Ω–∏–π ‚Äì –æ–Ω–ª–∞–π–Ω —ç–Ω—Ü–∏–∫–ª–æ–ø–µ–¥–∏—è,60806973,igenio,6583089
85,–ê–Ω–≥–ª–∏–π—Å–∫–∏–π —è–∑—ã–∫ üá¨üáß,64980863,eng_speaker,6583089
86,–õ–µ–ø—Ä–æ–∑–æ—Ä–∏–π,65960786,leprazo,6583089
87,–≠–ó–û–¢–ï–†–ò–ö–ê  –ô–û–ì–ê –ü–°–ò–•–û–õ–û–ì–ò–Ø,67132434,publicbestnews,6583089
88,REAL LIFE STORIES,67937582,reall_stories,6583089
89,–°–∞–º–æ–ø–æ–∑–Ω–∞–Ω–∏–µ –ö—Ä–∞—Å–æ—Ç–∞ –ó–¥–æ—Ä–æ–≤—å–µ,70291008,poznania,6583089
90,–ù–µ–≤–µ—Ä–æ—è—Ç–Ω—ã–µ —Ñ–∞–∫—Ç—ã,72985232,unbfacts,6583089
91,World of Fitness,75145700,club75145700,6583089
92,–°–ø–æ—Ä—Ç - –ø—Ä–æ–∫–∞—á–∞–π —Å–µ–±—è,81727302,club81727302,6583089
93,–ò–Ω—Ç–µ—Ä–µ—Å–Ω–æ—Å—Ç–∏,82166337,intresnoo,6583089
94,History Facts,89301866,thehistory_facts,6583089
95,–•–æ—á—É –≤—Å—ë –∑–Ω–∞—Ç—å,91317441,hochy_vse_znat,6583089
96,Do4a.com - Train Brain,92943753,train_brain,6583089
97,"Comics World | MARVEL,DC",93540677,timeforcomics,6583089
98,–≠–∑–æ—Ç–µ—Ä–∏–∫–∞. –ô–æ–≥–∞. –ü—Å–∏—Ö–æ–ª–æ–≥–∏—è,93958959,ezotericamir,6583089
99,–¶–∏—Ñ—Ä–∞ –¥–Ω—è,95564176,dayfigure,6583089
100,–§–∞–∫—Ç –¥–Ω—è,103027469,iqday,6583089
101,–ê—Å—Ç—Ä–æ–ª–æ–≥–∏—è –°–∞–º–æ—Ä–∞–∑–≤–∏—Ç–∏–µ –≠–∑–æ—Ç–µ—Ä–∏–∫–∞,122840604,astrologiyaa,6583089
102,–ü—Ä–æ–±—É–∂–¥–µ–Ω–∏–µ. –ü—É—Ç—å –∫ —Å–≤–µ—Ç—É. –°–∞–º–æ–ø–æ–∑–Ω–∞–Ω–∏–µ.,125230925,awake_yourself,6583089
103,–≠–∑–æ—Ç–µ—Ä–∏–∫–∞ | –ê—Å—Ç—Ä–æ–ª–æ–≥–∏—è | –ë–æ—Ç –≥–æ—Ä–æ—Å–∫–æ–ø,133811705,astrologtop,6583089
104,–¢—É—Ä–∞–≥–µ–Ω—Ç—Å—Ç–≤–æ –ì—Ä–∏–Ω –¢—É—Ä –£–ª—å—è–Ω–æ–≤—Å–∫ GREENTOUR,1307485,greentour73,6583090
105,–ö–æ–Ω—Å—Ç–∞–Ω—Ç–∏–Ω –ö–∞–¥–∞–≤—Ä (–û—Ñ–∏—Ü–∏–∞–ª—å–Ω–∞—è –≥—Ä—É–ø–ø–∞),65111753,konstantinkadavr,6583167
106,–û–±—Å–ª—É–∂–∏–≤–∞–Ω–∏–µ –∑–∞–≥–æ—Ä–æ–¥–Ω–æ–π –Ω–µ–¥–≤–∏–∂–∏–º–æ—Å—Ç–∏ –∫–æ—Ç—Ç–µ–¥–∂–µ–π,68197302,ozon47,6583167
107,–õ–ï–ù–ò–ù | —Ñ–æ—Ç–æ–∂—É—Ä–Ω–∞–ª,43278477,lenstars,6583255
108,–ü–æ—á–µ–º—É —è —ç—Ç–æ–≥–æ –Ω–µ –∑–Ω–∞–ª?,74595166,know.this,6583255
109,–ë–£–î–¨ –í –ö–£–†–°–ï (–ë–í–ö),88469025,v_kyrce,6583255
110,–Ø —Ñ–æ—Ç–æ—à–æ–ø–ª—é –∫–∞–∫ –∫—Ä–µ—Ç–∏–Ω üëë,69743495,ps__kak_kretin,6583255
111,–ü—É–±–ª–∏—á–Ω—ã–π –¥–æ–º.,30712025,opeen_house,6583255
112,–ö–∏–ø—Ä | Cyprus,34365048,rus.cyprus,6583255
113,–ü—Ä–æ—Ä–∞–± | –°—Ç—Ä–æ–∏—Ç–µ–ª—å—Å—Ç–≤–æ –∏ —Ä–µ–º–æ–Ω—Ç,137648145,prorabstroyka,6583255
114,Science|–ù–∞—É–∫–∞,29559271,sci,6583255
115,–°—Ç—Ä–æ–∏—Ç–µ–ª—å—Å—Ç–≤–æ –∏ —Ä–µ–º–æ–Ω—Ç,124999723,stroy_ok,6583255
116,Crazy People | GIF,144529593,crazypeople_gif,6583255
117,–õ–∞–±–æ—Ä–∞—Ç–æ—Ä–∏—è –ó–Ω–∞–Ω–∏–π,62888460,science_lab,6583255
118,–ò–¥–µ–∏ –¥–ª—è –¥–∞—á–∏,41002749,aidacha,6583255
119,–ü—Å–∏—Ö–æ–∞–Ω–∞–ª–∏–∑,132707901,factpsy,6583255
120,–ü–æ—á–µ–º—É –Ω–µ —è –ø—Ä–∏–¥—É–º–∞–ª?,63655596,have.idea,6583255
121,–®–µ—Ñ-–ø–æ–≤–∞—Ä | GIF —Ä–µ—Ü–µ–ø—Ç—ã,152411051,sheff.povar,6583255
122,Naked Science,46252034,nakedsci,6583255
123,INFORMATOR | –ü–æ–ª–µ–∑–Ω—ã–π –∂—É—Ä–Ω–∞–ª,96539279,informatormag,6583255
124,–ú–∞—Å—Ç–µ—Ä—Å–∫–∞—è ¬´220 –í–æ–ª—å—Ç¬ª,27570276,likevolt,6583255
125,–ö–æ—Ä–ø–æ—Ä–∞—Ü–∏—è –ó–ª–∞,29246653,evil_incorparate,6583255
126,MIYAGI,26017268,ilo13shau,6583255
127,BMW E46 Club,32152623,bmw_e46club,6583255
128,–ù–∞—É–∫–∞ –∏ –¢–µ—Ö–Ω–∏–∫–∞,31976785,science_technology,6583255
129,–ù–æ–≤—ã–π –ú–∏—Ä (Gif & Video),59810558,new_______world,6583255
130,"–ö–ª—É–± World of Warships - –ú–æ–¥—ã, –∞–∫—Ü–∏–∏, –∫–æ–Ω–∫—É—Ä—Å—ã",29524282,world_of_warships_game,6583255
131,–°–¥–µ–ª–∞–Ω–æ —Å —É–º–æ–º,43864225,mozgmade,6583255
132,–ñ—É—Ä–Ω–∞–ª ¬´–ü—Ä–æ—á—Ç–µ–Ω–∏–µ¬ª,275745,online.prochtenie,6583257
133,"–í–ò–ê ¬´–•–æ—Ä–æ—à–æ!¬ª/–†–æ–∫-–≥—Ä—É–ø–ø–∞/–í—ã—à–Ω–∏–π –í–æ–ª–æ—á—ë–∫,–¢–≤–µ—Ä—å",4630863,hororshow,6583257
134,Hitmakers,4794095,hitmakerss,6583257
135,DOPEBOYFRESHMAN,6536704,dbfreshman,6583257
136,JDM –†–§,78405776,jdmrf,6583356
137,–ê–≤—Ç–æ—Ä—ã–Ω–æ–∫ –ö–æ—Ä—á–µ–π,30857497,korchrf,6583356
138,MDK,57846937,mudakoff,6583356
139,–£—é—Ç–Ω–µ–Ω—å–∫–æ–µ –õ—É—Ä–∫–æ–º–æ—Ä—å–µ | Lurkmore,26406986,lurkopub,6583356
140,–ß–∞—Å—Ç—É—à–∫–∏–ë–æ—Ç,176968119,chastushkibot,6583356
141,The Grand Tour - –ê–≤—Ç–æ–º–æ–±–∏–ª—å–Ω–æ–µ –®–æ—É,127368401,thegrandtourshow,6583356
142,–≠–Ω–¥—É—Ä–æ –ë–∞—Ä–∞—Ö–æ–ª–∫–∞,157573944,endurobaraholka,6583356
143,–õ–µ–ø—Ä–∞,30022666,leprum,6583356
144,–û–±—ä—è–≤–ª–µ–Ω–∏—è –ü–µ–Ω–∑–∞,67853094,freepenza,6583356
145,–õ–µ–ø—Ä–æ–∑–æ—Ä–∏–π,65960786,leprazo,6583356
146,iFeed,26858816,ifeed,6583356
147,Enduro Riders - —ç–Ω–¥—É—Ä–æ –Ω–∞ –º–æ—Ç–æ—Ü–∏–∫–ª–∞—Ö,135653787,enduroridersru,6583356
148,–ú–∞–ª–µ–Ω—å–∫–∏–µ –∏—Å—Ç–æ—Ä–∏–∏,80746593,little.histories,6583356
149,RM'SC,61825991,rmsclub,6583356
150,AUTO GIFS,60902069,cargifs,6583356
151,–ë—É–º–∞–∂–Ω—ã–π —Å–∞–º–æ–ª—ë—Ç–∏–∫,52537634,paper.comics,6583356
152,"Cafe racer, Bobber, classic & custom motorcycle",39931855,old_moto,6583356
153,–•–∞—Ä–¥–∫–æ—Ä,119359773,hardchannel,6583356
154,–ü–æ—à–ª–æ–µ,65539551,poshloe,6583356
155,—Ç–≤–æ—è —Ç–∞—Ç—É–∏—Ä–æ–≤–∫–∞,85524320,bearmeat_inrush,6583356
156,–ü–æ–¥—Å–ª—É—à–∞–Ω–æ,34215577,overhear,6583356
157,–ü–æ–ø—É–ª—è—Ä–Ω–∞—è –º–µ—Ö–∞–Ω–∏–∫–∞,23553134,popularmechanics,6583356
158,–ü–µ—Ä–≤—ã–π –º–µ–¥–∏—Ü–∏–Ω—Å–∫–∏–π,48652426,mma_2013,6583356
159,–≠—Å—Ç–µ—Ç–∏–∫–∞ –µ–±–µ–Ω–µ–π,69563163,yebenya,6583356
160,–ë—É–º–∞–∂–Ω—ã–π –∫–æ—Ä–∞–±–ª–∏–∫,127661835,ship.paper,6583356
161,–ú–û–¢–û–ü–ê–†–ê | –ü–û–ö–ê–¢–ê–ï–ú,23110002,motopara,6583356
162,–ò—Å—Ç–æ—Ä–∏—è|History,53782768,history_0z,6583356
163,LITE ENDURO RUSSIA,105010359,lite_enduro_russia,6583356
164,check you,31866112,check_tyt,6583356
165,–ë–µ—Ä—ë–∑–∫–∞,38594501,berezka,6583356
166,BRAIN - —É–º–Ω—ã–π –∂—É—Ä–Ω–∞–ª!,48210134,brain4you,6583356
167,The Grand Tour | Top Gear,29058619,autotopgear,6583356
168,CALIFORNIA MAGIC,32422548,clfrn,6583356
169,‚Ä¢–ù–∞—à–∞ –ó–µ–º–ª—è‚Ä¢,86575166,thisearth,6583356
170,LurkMoar,25788864,lurking,6583356
171,–ò–Ω—Ç–µ—Ä–Ω–µ—Ç-–º–∞–≥–∞–∑–∏–Ω Vseinet.ru,9666105,vseinetru,6583356
172,Marvel x DC,119758287,icomics,6583356
173,–†–∞–±–æ—Ç–∞ –Ω–∞ –¥–µ–Ω—å | –ü–µ–Ω–∑–∞,86940166,rabota_pnz,6583356
174,The Passion Supply 18+,33815405,the_passion_supply,6583356
175,–ë–æ—Ç –ú–∞–∫—Å–∏–º,135209264,bot_maxim,6583356
176,–ë–µ–∑ –∫–æ—Ç–∞ –∏ –∂–∏–∑–Ω—å –Ω–µ —Ç–∞ „ÉÑ,32015300,bez_kota,6583356
177,–ú—É–∂—Å–∫–æ–π –ñ—É—Ä–Ω–∞–ª,35034571,mensmag,6583356
178,"–ü–µ—Å–∫–æ—Å—Ç—Ä—É–π–∫–∞ –ü–µ–Ω–∑–∞, –ê–∫–≤–∞–ø—Ä–∏–Ω—Ç",95430381,pesok_ochistka,6583356
179,"–ê–∫–≤–∞–∑–∞–≤–∏—Å–∏–º–æ—Å—Ç—å || –ê–∫–≤–∞—Ä–∏—É–º—ã, —Ä—ã–±–∫–∏, —Ä–∞—Å—Ç–µ–Ω–∏—è",151558191,akvazavisimost,6583356
180,–°–∞—Ç–∏—Ä–∏–∫–æ–Ω,64526004,satyric_on,6583356
181,–ö–ª–µ–≤–µ—Ä,162729615,clever,6583356
182,Pushkin Garage,33041710,pyshkingarage,6583356
183,–ö–æ—Ä–ø–æ—Ä–∞—Ü–∏—è –ó–ª–∞,29246653,evil_incorparate,6583356
184,Enduro Life [–≠–Ω–¥—É—Ä–æ],46144668,enduro_life,6583356
185,"–ù–∞—É–∫–∞ –∏ —Ñ–∞–∫—Ç—ã | –ß—Ç–æ –±—É–¥–µ—Ç, –µ—Å–ª–∏...?",41041067,chto.budet.esli,6583356
186,–°–æ–≤—Ä–µ–º–µ–Ω–Ω—ã–µ —Ç–µ—Ö–Ω–æ–ª–æ–≥–∏–∏,146524089,gif.science,6583356
187,"–ê—Ä—Ç–µ–ª—å ""–ë–µ–Ω–∑–ú–∞—à""",50010346,benzmasch,6583356
188,–°—Ç—Ä–∞—à–Ω—ã–µ –∏—Å—Ç–æ—Ä–∏–∏,40529013,horror_tales,6583356
189,–†–¶ ¬´SHIKANA¬ª,24588635,shikanaclub,6583356
190,dropped on the floor,46351143,drppdnthflr,6583356
191,–†—ã–±–æloveVK.–†—ã–±–∞–ª–∫–∞,60844698,rybolovevk,6583356
192,"–í –∫–∏—Å–ª–æ—Ç–µ, –¥–∞ –Ω–µ –≤ –æ–±–∏–¥–µ",79788156,in_the_acid,6583356
193,–¢–∏—Ö–∏–µ –†–∞–¥–æ—Å—Ç–∏ –ó–ª–∞,41811107,devil_club,6583356
194,–í—å–µ—Ç–Ω–∞–º –≥–æ–ª–æ–≤–Ω–æ–≥–æ –º–æ–∑–≥–∞,154154470,victorcharlie,6583356
195,–ú–æ—Ç–æ  –ü–æ–º–æ—â–Ω–∏–∫  –ê–ª–∏–≠–∫—Å–ø—Ä–µ—Å—Å,135897573,motohelpers,6583356
196,–°—Ç–∞—Ä—Ç–∞–ø—ã –∏ –±–∏–∑–Ω–µ—Å,33393308,vcru,6583356
197,–Ø–ñ–ï–ú–ê–¢–¨!,143177265,club143177265,6583356
198,t h e ·∫Ñ i n db l o w z,48910210,veter_dueet,6583356
199,–í—Å—ë —Ñ–∏–∫—Å–∏—Ä—É–π. –ü—Ä–æ—Ñ–µ—Å—Å–∏–æ–Ω–∞–ª—å–Ω—ã–π –≤–µ–ª–æ—Å–µ—Ä–≤–∏—Å.,41509984,vsefixirui,6583356
200,–õ—é—Ü–∏—Ñ–µ—Ä,108443824,club_lucifer,6583356
201,–ü–µ—Å–∫–æ—Å—Ç—Ä—É–π –∏ –ø–æ—Ä–æ—à–∫–æ–≤–∞—è –ø–æ–∫—Ä–∞—Å–∫–∞,68828970,peskostruy58,6583356
202,Skurd,51357814,skurds,6583356
203,4MEN,40587282,formen,6583356
204,B U R N O U T,36607230,justride58,6583356
205,Low & Slow,30145860,lownslow,6583356
206,–ì–æ–Ω–æ—á–Ω–∞—è —Ç—Ä–∞—Å—Å–∞ Surskie Zori Circuit,138978651,surskiezoricircuit,6583356
207,#HARDENDURORU,81496144,hardenduroru,6583356
208,Gab√∂l Garage  |  Gabol Garage,43983447,gabolgarage,6583356
209,"–ê–≤–∞–Ω—Ç—é—Ä–∏—Å—Ç—ã, –∫–ª–∞–¥–æ–∏—Å–∫–∞—Ç–µ–ª–∏, —Ç—É—Ä–∏—Å—Ç—ã",166089175,awantklad,6583356
210,STEREO SKINNY BITCH | techno | tech | deep,57590505,bitch.skinny,6583356
211,‚ôö E L T A C T O,59835096,eltacto,6583356
212,ALEXANDER TIKHOMIROV & BORNTOBE_WEAR‚Ñ¢ BLOG,27973101,borntobe_wear,6583356
213,–ú–æ—Ç–æ–ü–µ–Ω–∑–∞,59073218,motohamsters,6583356
214,Motoviewer ‚Äî –∞–ª—å—Ç–µ—Ä–Ω–∞—Ç–∏–≤–Ω–æ–µ –º–æ—Ç–æ—Å–æ–æ–±—â–µ—Å—Ç–≤–æ,29232243,motoviewer,6583356
215,–£. –ú.,60543110,club60543110,6583356
216,Moto | Sons of the Road,26662910,sons_of_the_road,6583356
217,–ö–∞—Ä—Ç–∞ –∏—Å—Ç–æ—Ä–∏–∏,128254611,kartaistorii,6583356
218,–° –ö–ï–ú –ü–û–ï–•–ê–¢–¨ –í –ü–£–¢–ï–®–ï–°–¢–í–ò–ï. –ü–û–ò–°–ö –ö–û–ú–ü–ê–ù–ò–ò!,122372464,club122372464,6583356
219,Tedavto58,155232542,club155232542,6583356
220,JIMgarage | –î–∏—Å–∫–∏ –∏–∑ –Ø–ø–æ–Ω–∏–∏,91866813,jimgarage,6583356
221,BBR Factory,89156825,bikerbootsrussia,6583356
222,–û–ø–µ—Ä–∞—Ü–∏–æ–Ω–Ω–∞—è | –ú–µ–¥–∏—Ü–∏–Ω–∞,151204563,operating_rooms,6583356
223,- D I R T R I D E -,112853766,dirtride,6583356
224,AFG bikes,40524539,afg_bikes,6583356
225,–í—ã–ø—É—Å–∫–∞–ª –ø—Ç–∏—Ü,103838402,novikseyes,6583356
226,–•–∞—Ä–¥ –§–∏–∫—Å,49676750,club49676750,6583356
227,–£–º–Ω—ã–µ –º—ã—Å–ª–∏,144292,smart_id_eas,6583356
228,–°–ü–õ–ò–ù | SPLEAN,24823541,spleanru,6583356
229,Nu Metal MZFK,27798317,nu.metal.mzfk,6583356
230,"–§–∏—Ä–º–µ–Ω–Ω—ã–π –æ—Ñ–∏—Å –°–ª–µ—Ç–∞—Ç—å.—Ä—É, –≥. –ü–µ–Ω–∑–∞",28992817,sletat_pnz,6583356
231,–¢–∏–ø–∏—á–Ω—ã–π –ò–ù.–Ø–ó,30972861,modernenglish,6583356
232,–î–ê–ù–°–ò–ù–ì,33307861,dom.kulturi,6583356
233,MAVRIN studios,35001375,mavrinstudios,6583356
234,–ü–æ–¥—Å–ª—É—à–∞–Ω–æ | –ê—Ä—Ö–∏–≤,36018423,underside_overhear,6583356
235,Avenue Shop,42700942,pushkinproducts,6583356
236,Action In Photo,44060642,actioninphoto,6583356
237,–ö–∞–ø—É—Å—Ç–∞,46347604,mykapusta,6583356
238,GVNG,47635102,gvnggvng,6583356
239,WTF?!,47697795,wtfthat,6583356
240,–û–ª–∏–º–ø–∏–π—Å–∫–∏–µ –∏–≥—Ä—ã,48940689,olympicsrus,6583356
241,SVR Team,49365877,svrteammoscow,6583356
242,oldscoolmoto.history,50880600,oldscoolmoto.history,6583356
243,Moto. One & Only | –ú–æ—Ç–æ—Ü–∏–∫–ª—ã –≤ –¥–µ—Ç–∞–ª—è—Ö,53246986,ask_motoquestions,6583356
244,–ñ—É—Ä–Ω–∞–ª Lemon,57278795,lemonmag,6583356
245,EASTWOOD,57974946,eastwoodlove,6583356
246,–ü–æ–º–æ–∂–µ–º –≤–º–µ—Å—Ç–µ –î–∏–º–µ –ë–æ—á–∫–∞—Ä–µ–≤—É!,60068544,club60068544,6583356
247,–ú–∏—à–∞ –•–æ—Ä–µ–≤,60522637,mhorev,6583356
248,Delete,69749117,club69749117,6583356
249,–ë–µ—Å–ø–ª–∞—Ç–Ω–∞—è –ü–µ–Ω–∑–∞,74447244,free_penza,6583356
250,–°–ø–æ—Ä—Ç–∏–≤–Ω–æ–µ –ø–∏—Ç–∞–Ω–∏–µ myprotein –≤ –ü–µ–Ω–∑–µ SPORTLIFE58,75968526,sportlife58,6583356
251,"–ú–µ–±–µ–ª—å–Ω–∞—è —Ñ–∞–±—Ä–∏–∫–∞""–õ–µ—Å–ø—Ä–æ–º""",77862913,lesprompenza,6583356
252,–ò–≥—Ä—ã –í–ö–æ–Ω—Ç–∞–∫—Ç–µ,78616012,vkgames,6583356
253,–£—Å–ø–µ—Ö ‚Äì¬†–¢–µ—Ö–Ω–æ–ª–æ–≥–∏–∏,84981500,beetechnology,6583356
254,–°—É—à–∫–∞ | –î–∏–µ—Ç—ã | –§–∏—Ç–Ω–µ—Å,90425829,sushka_fitness,6583356
255,–ê–í–¢–û | –°–æ–æ–±—â–µ—Å—Ç–≤–æ –ê–≤—Ç–æ–º–æ–±–∏–ª–∏—Å—Ç–æ–≤¬©,94187076,avto_public_pro40,6583356
256,SchoolBaits,105032663,still_memes,6583356
257,–°–£–®–ò –®–û–ö –ü–ï–ù–ó–ê | –†–æ–ª–ª—ã –∏ —Å—É—à–∏ —Å –¥–æ—Å—Ç–∞–≤–∫–æ–π,111885279,sushi_shok58,6583356
258,MetalWorksPro,117968721,metalworkspro,6583356
259,Sugar Weekend prod.,118471218,sugarweekendprod,6583356
260,–°–¥–µ–ª–∞–π —Å–∞–º!,45244683,yourself_do_itt,6583359
261,–°–∞—Ä–∫–∞–∑–º,63012929,potez,6583359
262,–ò–º–ø—Ä–æ–≤–∏–∑–∞—Ü–∏—è,114396220,improvisationtnt,6583359
263,Torens –∫–æ–Ω—Ç—Ä–∞–∫—Ç–Ω—ã–µ –¥–≤–∏–≥–∞—Ç–µ–ª–∏ –∏ –∫–æ—Ä–æ–±–∫–∏ –ø–µ—Ä–µ–¥–∞—á,60118677,torensauto,6583359
264,–ú–µ—Å—Ç–∞ –Ω–∞ –∫–∞—Ä—Ç–µ –º–∏—Ä–∞ | –ü—É—Ç–µ—à–µ—Å—Ç–≤–∏—è —Å eSosedi,4169058,esosedi,6583359
265,–ì–¥–µ –ª–æ–≥–∏–∫–∞?,106503291,gdelogika_tnt,6583359
266,–ù–µ–ø—Ä–∏–ª–∏—á–Ω—ã–π —é–º–æ—Ä,113795911,club113795911,6583359
267,–î–¢–ü –∏ –ß–ü | –°–∞–Ω–∫—Ç-–ü–µ—Ç–µ—Ä–±—É—Ä–≥ | –ü–∏—Ç–µ—Ä –û–Ω–ª–∞–π–Ω | –°–ü–±,68471405,spb_today,6583361
268,–ö–∏–Ω–æ–ö–∞–π—Ñ - –õ—É—á—à–∏–µ —Ñ–∏–ª—å–º—ã,58170807,kino_kaif,6583361
269,–†–∞–π–æ–Ω—ã –ü–µ—Ç–µ—Ä–±—É—Ä–≥–∞ | –°–ü–± | –°–∞–Ω–∫—Ç-–ü–µ—Ç–µ—Ä–±—É—Ä–≥,175151543,eighteenspb,6583361
270,–§–∏—Ç–Ω–µ—Å –ó–∞–º–µ—Ç–∫–∏ - –ø–∏—Ç–∞–Ω–∏–µ / —Ä–µ—Ü–µ–ø—Ç—ã / —É–ø—Ä–∞–∂–Ω–µ–Ω–∏—è,54711855,fitness_notes,6583361
271,9-1-1 / –°–µ—Ä–∏–∞–ª,155870500,serials911,6583361
272,–†—É—Å—Å–∫–∏–µ / –†–æ—Å—Å–∏–π—Å–∫–∏–µ —Å–µ—Ä–∏–∞–ª—ã –∏ —Ñ–∏–ª—å–º—ã,42897151,seriali,6583361
273,–ù–µ –ø–æ–≤–µ—Ä–∏—à—å!,28477986,ne.poverish,6583361
274,"–û–Ω–ª–∞–π–Ω –∫–∏–Ω–æ: —Ñ–∏–ª—å–º—ã, —Å–µ—Ä–∏–∞–ª—ã",19802817,onlinekinoteatr,6583361
275,–®–∫–æ–ª–∞ —Ü–≤–µ—Ç–æ–≤–æ–¥—Å—Ç–≤–∞ üå∏ –ù–∞—à –¥–æ–º –≤—Å–µ–≥–¥–∞ –≤ —Ü–≤–µ—Ç–∞—Ö üå∏,47900340,floschool,6583361
276,–°–µ–∫—Ä–µ—Ç—ã –∏–¥–µ–∞–ª—å–Ω—ã—Ö —Ö–æ–∑—è–µ–∫,47890682,vkhousewife,6583361
277,–í—Å–µ –¥–æ 1000 –°–ü–ë ‚Ä¢ –°–∞–Ω–∫—Ç-–ü–µ—Ç–µ—Ä–±—É—Ä–≥ ‚Ä¢ –ü–∏—Ç–µ—Ä,119756085,do1000rub,6583361
278,0% –∂–∏—Ä–Ω–æ—Å—Ç–∏,35486195,zerofat,6583361
279,–°–æ–≤—Ä–µ–º–µ–Ω–Ω–∞—è —Ö–æ–∑—è–π–∫–∞,126787126,sovremenhoz,6583361
280,–í—ã–≤–æ–∑ —Ç–µ—Ö–Ω–∏–∫–∏ –°–ü–ë,163817327,vivoz.tekhniki,6583361
281,–°–æ–±—ã—Ç–∏—è –ü–µ—Ç–µ—Ä–±—É—Ä–≥–∞,106987913,spbpetersburg,6583361
282,–°–∞–Ω–∫—Ç-–ü–µ—Ç–µ—Ä–±—É—Ä–≥ (–ü–∏—Ç–µ—Ä) Live,51071202,petersburg.live,6583361
283,–ù–ï–û–ñ–ò–î–ê–®–ö–ò,140668481,neozhidashki,6583361
284,–ü—Å–∏—Ö–æ–ª–æ–≥–∏—è,89280697,psixme,6583361
285,–®–µ–¥–µ–≤—Ä—ã —Ä–µ–∫–ª–∞–º—ã,29302425,bestad,6583363
286,–¢—ë–º–Ω—ã–π –£–≥–æ–ª–æ–∫,45091870,darcor,6583363
287,–õ–µ–ø—Ä–∞,30022666,leprum,6583363
288,–ú–æ—Å–∫–≤–∞ 24,35068738,infomoscow24,6583363
289,–ñ–µ–Ω—Å–∫–∞—è –§–∏–ª–æ—Å–æ—Ñ–∏—è,34308709,women.philosophy,6583363
290,–ò–Ω—Ç–µ—Ä–µ—Å–Ω–∞—è –ú–æ—Å–∫–≤–∞,20845272,vk_moscow,6583363
291,–õ–µ–Ω—Ç–∞—á,29534144,oldlentach,6583363
292,KudaGo: –ú–æ—Å–∫–≤–∞,37119411,kudago,6583363
293,"–î–µ—Ç—Å–∫–∏–π —Ä–∞–∑–≤–∏–≤–∞—é—â–∏–π —Ü–µ–Ω—Ç—Ä ""–†–∞–¥–æ—Å—Ç—å""",170602535,detskiy_centr_radost,6583363
294,–ò–Ω—Ç–µ–ª–ª–µ–∫—Ç—É–∞—Ä–∏—É–º  | –Ω–∞—É–∫–∞ –∏ –æ–±—Ä–∞–∑–æ–≤–∞–Ω–∏–µ,27797026,brain.journal,6583363
295,–°–≤–æ–±–æ–¥–Ω—ã–π –ú–∏–∞—Å—Å,28721618,freemiass,6583363
296,H&M Russia,44934832,hmrussia,6583363
297,–Ø –ª—é–±–ª—é —Ä—É—Å—Å–∫–∏–π —è–∑—ã–∫!,39321576,love_russian_language,6583363
298,–°–µ—Ä–∏–∞–ª—ã,31547740,sseriess,6583363
299,–ú–∞–∫–∏—è–∂ | –ö–æ—Å–º–µ—Ç–∏–∫–∞ üíÑ –ò–¥–µ–∏ –∏ —É—Ä–æ–∫–∏,126100393,women.makeup,6583363
300,–Ø –¥–æ –º–∞–∫–∏—è–∂–∞ –∏ –ø–æ—Å–ª–µ,109487393,nomakeup_1,6583363
301,–®–µ–¥–µ–≤—Ä—ã –ª–∏—Ç–µ—Ä–∞—Ç—É—Ä—ã | –∫–Ω–∏–≥–∏,29690457,shbooks,6583363
302,–ö–∞–∫ –Ω–∞–º —Ç–∞–º? –°–ª–æ–≤–µ–Ω–∏—è. –û–ø—ã—Ç –Ω–∞—à–µ–≥–æ –ø–µ—Ä–µ–µ–∑–¥–∞,38547550,kaknamtam,6583363
303,–ö—É–ª–∏–Ω–∞—Ä–Ω—ã–µ —Ö–∏—Ç—Ä–æ—Å—Ç–∏,51068271,cookinder,6583363
304,BGMA,30250441,bgmaproject,6583363
305,–®–µ–¥–µ–≤—Ä—ã –ö–∏–Ω–æ | –õ—É—á—à–∏–µ —Ñ–∏–ª—å–º—ã 2019,47131705,m_kinos,6583363
306,@INSTAGIRLS,40500796,insta.girls,6583363
307,–¢–ê–°–°,26284064,tassagency,6583363
308,–ü–µ—Ä–≤—ã–π –í–µ–≥–µ—Ç–∞—Ä–∏–∞–Ω—Å–∫–∏–π,58656979,just_veg,6583363
309,–ü–∞—Ä–∫–æ–≤—ã–π –ß–µ–ª—è–±–∏–Ω—Å–∫,58524900,parkoviy_74,6583363
310,Cossa,19720218,cossa,6583363
311,–ê–Ω–≥–ª–∏–π—Å–∫–∏–π —è–∑—ã–∫,40167434,engl4you,6583363
312,–î–Ω–µ–≤–Ω–∏–∫ –ü—Ä–µ–¥–ø—Ä–∏–Ω–∏–º–∞—Ç–µ–ª—è,81352233,dnevnikemploer4you,6583363
313,–ß–µ–ª—è–±–∏–Ω—Å–∫–∏–µ —Ç—Ä—è–ø–∫–∏,123239558,tryapochki74,6583363
314,–ë–µ—Å–ø–ª–∞—Ç–Ω—ã–π –ß–µ–ª—è–±–∏–Ω—Å–∫,37660923,besplatny_chel,6583363
315,–î–µ–ª–æ–≤–æ–π –ö–≤–∞—Ä—Ç–∞–ª - –ß–µ–ª—è–±–∏–Ω—Å–∫,40737211,dk.chelyabinsk,6583363
316,–ò–≥—Ä—ã –Ω–∞ –ê–Ω–¥—Ä–æ–∏–¥,32414643,toysandroid,6583363
317,"–ú–∞–≥–∞–∑–∏–Ω ""–≠–ª–µ–≥–∏—è-–ø—Ä—è–∂–∞"" –≥.–ß–µ–ª—è–±–∏–Ω—Å–∫ –ø—Ä.–ü–æ–±–µ–¥—ã,184",78444767,club78444767,6583363
318,–¢–∫–∞–Ω–∏ –û–ü–¢–û–ú –∏ –í –†–û–ó–ù–ò–¶–£.–ß–µ–ª—è–±–∏–Ω—Å–∫,133267110,tkanichelyabinsk74,6583363
319,–ö–ª—É–± National Geographic –†–æ—Å—Å–∏—è,24565142,natgeoru,6583363
320,–ú–æ–π –∫—Ä—É–≥ ‚Äî —Ä–∞–±–æ—Ç–∞ –≤ –ò–¢-–∏–Ω–¥—É—Å—Ç—Ä–∏–∏,46638176,moikrug,6583363
321,–î–æ—Ä–∞–º–∞–ú–∞–Ω–∏—è,61084843,paradoks_dorama,6583363
322,–ù–∞—É—á–Ω–∞—è –§–∞–Ω—Ç–∞—Å—Ç–∏–∫–∞,150502570,sciencefictionvk,6583363
323,–°–Ω—è—Ç—å –∫–≤–∞—Ä—Ç–∏—Ä—É –æ—Ç —Å–æ–±—Å—Ç–≤–µ–Ω–Ω–∏–∫–∞ –ß–µ–ª—è–±–∏–Ω—Å–∫ –ê—Ä–µ–Ω–¥–∞,97672524,snyat_kvartiru_74,6583363
324,–ë–ª–æ–≥–≥–µ—Ä –Ω–∞ YouTube Natalia D | –ö—Ä–∞—Å–æ—Ç–∞ –∏ –ï–¥–∞,35786077,kawaistuff,6583363
325,–ê–Ω–≥–ª–∏–π—Å–∫–∏–π —è–∑—ã–∫,88640919,useenglish,6583363
326,–ê—Ä–µ–Ω–¥–∞ –∫–≤–∞—Ä—Ç–∏—Ä—ã –ë–µ–∑ –ü–æ—Å—Ä–µ–¥–Ω–∏–∫–æ–≤ –ß–µ–ª—è–±–∏–Ω—Å–∫|–°–Ω—è—Ç—å,117336432,snyat_chelyabinsk,6583363
327,–ú–∏–∫—Ä–æ–º–∏—Ä,165720664,mikromirmir,6583363
328,SUPSERF. SUP –≤ –ß–µ–ª—è–±–∏–Ω—Å–∫–µ,143882642,supserf,6583363
329,–ë–µ—Å–ø–ª–∞—Ç–Ω—ã–π –ß–µ–ª—è–±–∏–Ω—Å–∫,39742836,bes_chel,6583363
330,Reader,30978118,reader_blog,6583363
331,–¢–∞—Ç—É –ß–µ–ª—è–±–∏–Ω—Å–∫ | Elite Tattoo ‚Äì —Ç–∞—Ç—É —Å–∞–ª–æ–Ω ‚Ññ1,48582812,elite_tattoo,6583363
332,–ö–æ–º–∞–Ω–¥–∞ –í–ö–æ–Ω—Ç–∞–∫—Ç–µ,22822305,team,6583363
333,–§–∏–ª—å–º—ã,40335272,movie_pab,6583363
334,–ß–∞–æ–∫–æ—Ñ–µ: –§–∞–±—Ä–∏–∫–∞ –∏ –º–∞–≥–∞–∑–∏–Ω,41806310,chaokofe,6583363
335,–ì–æ—Ç–æ–≤–∏–º –¥–æ–º–∞: –≤–∫—É—Å–Ω–æ –∏ –ø—Ä–æ—Å—Ç–æ,40020627,vkucnie_recepti,6583363
336,–°–µ—Ä–≥–µ–π –î–æ–≤–ª–∞—Ç–æ–≤,26841281,sergei_dovlatov,6583363
337,–ò–Ω—Ç–µ—Ä–Ω–µ—Ç-–º–∞—Ä–∫–µ—Ç–∏–Ω–≥ –æ—Ç –ê –¥–æ –Ø,40018862,bizness_online,6583363
338,–ò–Ω–æ–°–ú–ò,25106701,inosmi,6583363
339,–£—á–∏–º Houdini & Look Development,140139524,houdini_kurs,6583363
340,WISH LIST,128883503,club128883503,6583363
341,–£—á–µ–±–Ω–∏–∫ –¥–∏–∑–∞–π–Ω–µ—Ä–∞,127087256,designtutorials,6583363
342,"–ì—Ä–∞–Ω—Ç—ã,—Å—Ç–∏–ø–µ–Ω–¥–∏–∏,—Å—Ç–∞–∂–∏—Ä–æ–≤–∫–∏! –û–±—É—á–µ–Ω–∏–µ –∑–∞ —Ä—É–±–µ–∂–æ–º",31935454,scholarships,6583363
343,–ú–∏–Ω–∏—Å—Ç–µ—Ä—Å—Ç–≤–æ –ø—Ä–æ—Å–≤–µ—â–µ–Ω–∏—è –†–æ—Å—Å–∏–π—Å–∫–æ–π –§–µ–¥–µ—Ä–∞—Ü–∏–∏,30558759,minprosvet,6583363
344,Habr,20629724,habr,6583363
345,Adindex.ru,14899079,adindex,6583363
346,–ö–Ω–∏–≥–∏ & –ê—É–¥–∏–æ–∫–Ω–∏–≥–∏,32169959,bestbooks,6583363
347,–ú–∞–º–∞ –≤ —Å—Ç–∏–ª–µ FLY. Flylady,44222685,flymom,6583363
348,TrashSmash,60312130,trashsmash,6583363
349,Cook Good - –ª—É—á—à–∏–µ —Ä–µ—Ü–µ–ø—Ç—ã,39009769,cook_good,6583363
350,–û—Ç–∫—Ä—ã—Ç—ã–π –∫–æ—Å–º–æ—Å,47256091,space_live,6583363
351,–ü—Ä–µ–¥–ø—Ä–∏–Ω–∏–º–∞—Ç–µ–ª–∏ –Ω–æ–≤–æ–≥–æ –ø–æ–∫–æ–ª–µ–Ω–∏—è,6386,next,6583363
352,–û—Ç–¥–∞–º –ë–µ—Å–ø–ª–∞—Ç–Ω–æ  –ú–∏–∞—Å—Å,85353825,besplatnoemiass,6583363
353,‚òÖ –¢–†–ê–§–ê–†–ï–¢ –Ω—É–∂–µ–Ω –≤—Å–µ–º ‚òÖ stencil art,432616,traforo,6583363
354,RedRoom promo.,74656289,red_room_pro,6583363
355,–ò–≥—Ä—ã –í–ö–æ–Ω—Ç–∞–∫—Ç–µ,78616012,vkgames,6583363
356,#Batiste,132667688,labbatiste,6583363
357,–ü–æ–≥–æ–¥–∞ –≤ –ß–µ–ª—è–±–∏–Ω—Å–∫–µ –≤ —Ñ–æ—Ç–æ–≥—Ä–∞—Ñ–∏—è—Ö,104499903,pogoda_74,6583363
358,Universe,48223131,knownuniverse,6583363
359,–ü—Ä–æ—Å—Ç—ã–µ –∏ –ø–æ–ª–µ–∑–Ω—ã–µ —Ä–µ—Ü–µ–ø—Ç—ã –°REATE YOURSELF Diet,76882174,createyouself,6583363
360,–ñ—É—Ä–Ω–∞–ª–∏—Å—Ç–∏–∫–∞. –ö–∞–∫–æ–π –æ–Ω–∞ –¥–æ–ª–∂–Ω–∞ –±—ã—Ç—å?,31049406,rusjournalism,6583363
361,Koreles - –í–∞—à —Ä–µ–ø–µ—Ç–∏—Ç–æ—Ä –∫–æ—Ä–µ–π—Å–∫–æ–≥–æ —è–∑—ã–∫–∞,58386879,koreles,6583363
362,–£—á–µ–±–Ω–∏–∫–∏ –¥–ª—è —à–∫–æ–ª—ã - —Å—Ä–∞–≤–Ω–∏—Ç—å —É—á–µ–±–Ω–∏–∫–∏ 2000-2015,38977847,kniga_klad,6583363
363,Daniil Landar Moscow,43001696,daniillandarmoscow,6583363
364,–ö–Ω–∏–≥–∏ –¥–ª—è –¥–∏–∑–∞–π–Ω–µ—Ä–æ–≤,48601180,dbooks,6583363
365,–ó–∞–±–∏—Ä–∞–π –ú–∏–∞—Å—Å –ê—É–∫—Ü–∏–æ–Ω,106628449,miass074,6583363
366,–ì—Ä–∞–∂–¥–∞–Ω—Å–∫–∏–π –ü–∞—Ç—Ä—É–ª—å | –ú–∏–∞—Å—Å,123390923,civilpatrol_miass,6583363
367,–ê—É–¥–∏–æ–∫–Ω–∏–≥–∏,73476,free_audiobooks,6583364
368,–ò–Ω—Ç–µ—Ä–µ—Å–Ω—ã–µ –§–∞–∫—Ç—ã,346191,fakt1,6583364
369,–§–æ—Ç–æ—à–∫–æ–ª–∞ - i love photo,5425797,iphotolove,6583364
370,–ì–∞–ª–µ—Ä–µ—è –∂–∏–≤—ã—Ö –∫–∞—Ä—Ç–∏–Ω–æ–∫,23009554,galereja,6583364
371,–î–∑–µ–Ω,23213239,dzenpub,6583364
372,Denys Shevalov [–∫–æ—É—á],24018680,doshj,6583364
373,–ú–æ–¥–∞,24089576,modaguide,6583364
374,‚óè wedding inspiration ‚óè —Å–≤–∞–¥—å–±–∞ ‚óè,26184323,weddinginspiration,6583364
375,–ù–∞–º–∞–ª–µ–≤–∏—á,26217154,namalevich,6583364
376,–ü—Ç–∏—Ü–∞–º–∏ | –ö–∞—á–º–∞—Ä,26433426,club26433426,6583364
377,"–ë–æ–ª—å—à–µ, —á–µ–º —Ñ–æ—Ç–æ",27725748,foto.blog,6583364
378,–ü—Ä–æ—è—Å–Ω–∏–ª–æ—Å—å.,27932995,proyasnil,6583364
379,–ö–æ—Ä–ø–æ—Ä–∞—Ü–∏—è –ó–ª–∞,29246653,evil_incorparate,6583364
380,–°—Ç—Ä–∞–Ω–Ω—ã–π —é–º–æ—Ä,29614963,c.umor,6583364
381,–õ–µ–ø—Ä–∞,30022666,leprum,6583364
382,–£–±–æ–π–Ω—ã–π —é–º–æ—Ä,30179569,fucking_humor,6583364
383,–ë–µ–∑ –∫–æ—Ç–∞ –∏ –∂–∏–∑–Ω—å –Ω–µ —Ç–∞ „ÉÑ,30262661,bez__kota,6583364
384,"–ö–∞–∫ —ç—Ç–æ –ø–µ—Ä–µ–≤–æ–¥–∏—Ç—Å—è, –ß—É–≤–∞–∫?",30598666,dailywords,6583364
385,Bon App√©tit,32194285,bon,6583364
386,–ñ–µ–Ω—Å–∫–∏–µ –¢–†–Æ–ö–ò —Å missAnsh,33243494,miss_ash,6583364
387,–í–µ—Å—ë–ª—ã–π –°–æ—Ü–∏–æ–ø–∞—Ç,33291029,sociopat_ru,6583364
388,English | –ê–Ω–≥–ª–∏–π—Å–∫–∏–π —è–∑—ã–∫,33489538,eng007,6583364
389,KievGO,33896977,kievgo,6583364
390,LOOKBOOK,34378493,lookbook1s,6583364
391,–•–ê–°–ö–ò,35319024,lovehusky,6583364
392,–î—Ä—É–≥–æ–µ –∫–∏–Ω–æ,35349905,another_films,6583364
393,–ö—Ä–∞—Å–∏–≤–∞—è –°–≤–∞–¥—å–±–∞,36098942,wedbeauty,6583364
394,–í–∏–∑—É–∞–ª—å–Ω—ã–π –∞–Ω–≥–ª–∏–π—Å–∫–∏–π | English,36775085,learnenglish,6583364
395,–í—ñ–∫—ñ–ø–µ–¥—ñ—è,37038684,uk_wiki,6583364
396,–¢–∏–ø–∏—á–Ω—ã–π –ë–æ—Ä—Ç–ø—Ä–æ–≤–æ–¥–Ω–∏–∫,37838533,yabortprovodnik,6583364
397,–î—Ä—É–≥–∞—è –õ–∏—Ç–µ—Ä–∞—Ç—É—Ä–∞,38744784,book,6583364
398,F‚ñ≤SHION,39431656,yesfashion,6583364
399,–ú—ã—Å–ª–∏—à–∫–∏ –ø—Ä–æ–≥—Ä–∞–º–º–∏—Å—Ç–æ–≤ –∏ –≤–µ–±-–¥–∏–∑–∞–π–Ω–µ—Ä–æ–≤,39916507,unf_funny,6583364
400,Just Design - –∏–Ω—Ç–µ—Ä—å–µ—Ä –∏ –¥–µ–∫–æ—Ä,42358972,just_d,6583364
401,Dana Verstak. Illustration,42448569,d.verstak,6583364
402,–ö–≤–∞—Ä—Ç–∏—Ä–Ω—ã–π –í–æ–ø—Ä–æ—Å,42541008,flatme,6583364
403,"Lightroom, —Å–∫–∞—á–∞—Ç—å –ø—Ä–µ—Å–µ—Ç—ã –¥–ª—è –ª–∞–π—Ç—Ä—É–º.",43214791,lightroom_presets,6583364
404,–í –∏–Ω—Ç–µ—Ä—å–µ—Ä–µ,45110727,v_int,6583364
405,–ö–∏–µ–≤ –ª–µ–Ω–∏–≤—ã–π,47641119,kiev_laziness,6583364
406,–§–æ—Ç–æ–≥—Ä–∞—Ñ –†–æ–∂–Ω–æ–≤ –°–µ—Ä–≥–µ–π,47914806,wedgood2,6583364
407,–°–µ–∫—Ä–µ—Ç—ã –∫—Ä–∞—Å–æ—Ç—ã,49591829,b.secrets,6583364
408,–ø–æ —Å–µ–∫—Ä–µ—Ç—É,50308473,inscrt,6583364
409,Luxury Life‚Ñ¢,50775381,luxury_life_ll,6583364
410,Just Video,51189706,just_vid,6583364
411,–•–∞—Å–∫–∏ | Husky LOOK,55099144,husky_look,6583364
412,–î–æ –∏ –ø–æ—Å–ª–µ - Photoshop - –æ–±—Ä–∞–±–æ—Ç–∫–∞ —Ñ–æ—Ç–æ,57950162,do_iposle,6583364
413,–ö–∏–Ω–æ–ö–∞–π—Ñ - –õ—É—á—à–∏–µ —Ñ–∏–ª—å–º—ã,58170807,kino_kaif,6583364
414,–ë–µ—Å–ø–ª–∞—Ç–Ω—ã–µ –ø—Ä–µ—Å–µ—Ç—ã - Lightroom -  Lightroom CC,59199907,ilovelightroom,6583364
415,Apple,59550700,appsy,6583364
416,–ü–æ–¥—Å–ª—É—à–∞–Ω–æ. –ö–∏–µ–≤,63359649,podslushano.kiev,6583364
417,–î–∏—Å–∫–æ–Ω—Ç –¶–µ–Ω—Ç—Ä –¢—É—Ä–∏—Å—Ç–∏—á–µ—Å–∫–∏—Ö –ü—É—Ç—ë–≤–æ–∫,68487410,discounttravelua,6583364
418,–ù–µ–ø–∞–±–ª–∏–∫ 18+,72831913,nepublic,6583364
419,–ö—Ä—É–∂–∫–∞ –ß–∞—è,73755303,kruzhka.chaya,6583364
420,–Ø —Ñ–æ—Ç–æ—à–æ–ø–ª—é –∫–∞–∫ –±–æ–≥,75338985,ps_kak_kretin,6583364
421,SARKIS SEYSIAN PHOTOGRAPHY,77393060,sarkisseysian,6583364
422,History Facts,89301866,thehistory_facts,6583364
423,–ö–∞–ø—Ä–∏–∑–Ω–∞—è –∞—Ä–∏—Å—Ç–æ–∫—Ä–∞—Ç–∏—è,94298388,kapriznui.aristokrat,6583364
424,–ê–π—Ñ–æ–Ω –ü–∞–≤–ª–æ–≤–∏—á –ß–µ—Ö–æ–≤,104866704,ifchehov,6583364
425,–ù–∞—É–∫–∞ –∏ –¢–µ—Ö–Ω–∏–∫–∞,31976785,science_technology,6583429
426,–°–í–û–ë–û–î–ù–´–ï –ù–û–í–û–°–¢–ò,364976,narod_protiv,6583429
427,–°—Ç—Ä–æ–∏—Ç–µ–ª—å—Å—Ç–≤–æ –∏ —Ä–µ–º–æ–Ω—Ç,124999723,stroy_ok,6583429
428,–ü–æ–º–æ–∂–µ–º –±–µ–∑–¥–æ–º–Ω—ã–º –∂–∏–≤–æ—Ç–Ω—ã–º! ‚òÅ –í –ø–∞–º—è—Ç—å –æ –ú—ã—à–∫–µ!,31544752,gruppa_mishki,6583429
429,–ú—É–∂—Å–∫–æ–π –ñ—É—Ä–Ω–∞–ª,35034571,mensmag,6583429
430,–ú–∞—Å—Ç–µ—Ä—Å–∫–∞—è ¬´220 –í–æ–ª—å—Ç¬ª,27570276,likevolt,6583429
431,–ü–û–õ–ò–¢ —é–º–æ—Ä,26103858,polit_yumor,6583429
432,FORUMHOUSE,29538032,forumhouse,6583429
433,–ò–≥—Ä—ã –Ω–∞ –ê–Ω–¥—Ä–æ–∏–¥,32414643,toysandroid,6583429
434,English | –ê–Ω–≥–ª–∏–π—Å–∫–∏–π —è–∑—ã–∫,33489538,eng007,6583429
435,AliExpress –ø–æ-—Ä—É—Å—Å–∫–∏,36941068,aliexpress,6583429
436,–ß–µ–ª–æ–≤–µ–∫ —Å –±–æ–ª—å—à–æ–π –±—É–∫–≤—ã,41301882,yachelovek,6583429
437,Proper English,42292974,engword,6583429
438,–°–í–û–ë–û–î–ù–´–ï –ë–õ–û–ì–ò,43186887,liberalblogs,6583429
439,MDK,57846937,mudakoff,6583429
440,–°–í–û–ë–û–î–ù–´–ï –†–ê–°–°–ö–ê–ó–´,67635883,forfreestories,6583429
441,–ß—É–¥–µ—Å–∞ –∏–Ω–∂–µ–Ω–µ—Ä–Ω–æ–π –º—ã—Å–ª–∏,119220096,techmir,6583429
442,–ú—ã —Ä–æ–∂–¥–µ–Ω—ã 23 –Ω–æ—è–±—Ä—è -(@_@)-,3958182,club3958182,6583431
443,–ö–∞–∑–∞–Ω—å –∫—Ä–∏–º–∏–Ω–∞–ª—å–Ω–∞—è,4636052,kazan_criminal,6583431
444,–í–ê–ó,9637627,topvaz,6583431
445,Mr Nobody,25669329,paranoia2011,6583431
446,–ö–∞—Ä—Ç–∏–Ω–∫–∏ –°–û –°–º—ã—Å–ª–æ–º‚òÖ–ü–æ–ª—é—Å –ü—Ä–∏—Ç—è–∂–µ–Ω–∏—è,25943575,ilirussia,6583431
447,::: VANITY :::,26038899,vanityproject,6583431
448,TRAP ‚Ä† DUBSTEP,26085311,wh1te_life,6583431
449,–õ–∞–π—Ñ –•–∞–∫,26670875,lifehack812,6583431
450,–°–∞—Ä–∫–∞–∑–º,26865636,rascal_vk,6583431
451,"Winbet  –°—Ç–∞–≤–∫–∏ –Ω–∞ —Å–ø–æ—Ä—Ç, –ø—Ä–æ–≥–Ω–æ–∑",27578831,methelove,6583431
452,MEN XXI CENTURY,28038847,1for_men,6583431
453,"‡πë–û—Ñ–∏—Ü–∏–∞–ª—å–Ω–∞—è —Å—Ç—Ä–∞–Ω–∏—Ü–∞ –∫–ª–∞–Ω–∞ ""–ù–µ–±–µ—Å–Ω—ã–µ –ö–∞—Ä–∞—Ç–µ–ª–∏""‡πë",28834792,clan.celestial.punishers,6583431
454,Loud as FUCK! (18+),29072711,loud_as_fuck,6583431
455,/f,29264743,dfrfhdhd,6583431
456,–û–∫—Ç—è–±—Ä—å—Å–∫–∞—è –ë–∞—Ä–∞—Ö–æ–ª–∫–∞ 2,30483968,axyeite,6583431
457,–¢–≤–æ–π —Å—Ç–∏–ª—å,30811188,magazine03,6583431
458,Fuck —Ç—ã —Ç—É—Ç ¬≤¬∫¬π¬≤,30842722,fuckstut,6583431
459,–û–¥–µ–∂–¥–∞ –ö–∏—Ä–∏–ª–ª–æ–≤ –í–æ–ª–æ–≥–¥–∞,31654549,club31654549,6583431
460,–°–ø–æ—Ä—Ç,31749560,love_sports,6583431
461,–ö–æ–Ω—Ç–∏–Ω–µ–Ω—Ç–∞–ª—å–Ω–∞—è –•–æ–∫–∫–µ–π–Ω–∞—è –õ–∏–≥–∞,32364308,news_khl_ru,6583431
462,–û—Ñ–∏—Ü–∏–∞–ª—å–Ω–∞—è —Å—Ç—Ä–∞–Ω–∏—Ü–∞ DJ DaRTH,32634085,djdarth,6583431
463,Epic Comics ‚í∏,32668912,epic_comics,6583431
464,"–ü–∞–±–ª–∏–∫: –ñ–∏—Ä–Ω—ã–π –ó–∞–¥—Ä–æ—Ç / –†–µ—Å–ª–µ—Ä ""–ö–∞–∑–∞–Ω–æ–≤–∞"" –∏–∑ –ù–§–†",33105799,public_zakeev,6583431
465,iSkins,33238691,isskins,6583431
466,JEY KEY,33646150,jey_key13star,6583431
467,–ú–∞—Ñ–∏—è. –ò–≥—Ä–∞. –ß–µ—Ä–µ–ø–æ–≤–µ—Ü.,33847455,mafia77_che,6583431
468,moZgi,34179803,soplivchik_kupi,6583431
469,TOP FOTO,34340162,salerf,6583431
470,___,34372523,club34372523,6583431
471,D Œ£ V Œî S T Œî T I O N,34397760,devastationpublic,6583431
472,–í—Å–µ–º –∑–¥—Ä–∞–≤–∏—è,34405903,club34405903,6583431
473,[ –ö–æ–º–∏–∫—Å—ã ],34498430,every_day_the_trolls,6583431
474,MWAY,34520060,mway_official,6583431
475,–ê–Ω–µ–∫–¥–æ—Ç—ã,34573360,club34573360,6583431
476,"—Å–æ–º–Ω–µ–≤–∞–π—Å—è –≤ –∫–æ–º —Ö–æ—á–µ—à—å, –Ω–æ —Ç–æ–ª—å–∫–æ –Ω–µ –≤ —Å–µ–±–µ.",34616267,pablic_for_you,6583431
477,ONEsecBEATS,34638323,onesecbeats,6583431
478,excellent,34654310,excellent_girl,6583431
479,–¥–ª–∞–ª—ã—å—ã,34698965,club34698965,6583431
480,,34707377,club34707377,6583431
481,–ü–æ–¥—Å–ª—É—à–∞–Ω–æ –≤ –ö—Ä–∞—Å–Ω–æ—Å–µ–ª—å—Å–∫–æ–º —Ä–∞–π–æ–Ω–µ,65941811,podslushano_krasnoselskiy_rayon,6583431
482,–ú–∏—Ä –î–∏–∑–∞–π–Ω–∞,49592543,design_is,6583433
483,Sweet&Flour,93685664,swtnflour,6583433
484,–®–ø–∏–ª—å–∫–∏ | –ñ–µ–Ω—Å–∫–∏–π –ñ—É—Ä–Ω–∞–ª,29686754,woman.blog,6583433
485,–ó–¥–æ—Ä–æ–≤—å–µ. –ô–æ–≥–∞. –§–∏—Ç–Ω–µ—Å. –ö—Ä–∞—Å–æ—Ç–∞. –ü–ü.,49411707,siladuh,6583433
486,–¢–æ–Ω–∫–∏–π —é–º–æ—Ä,25679656,sarsar,6583433
487,Bon App√©tit,32194285,bon,6583433
488,–°–µ–∫—Ä–µ—Ç—ã –∫—Ä–∞—Å–æ—Ç—ã,49591829,b.secrets,6583433
489,–í–µ—Å—ã. –ì–æ—Ä–æ—Å–∫–æ–ø.,101655426,stargid007,6583433
490,–ù–µ–æ–±—ã—á–Ω—ã–π –≥–æ—Ä–æ—Å–∫–æ–ø,83815413,unhoroscope,6583433
491,5 –∏–Ω—Ç–µ—Ä–µ—Å–Ω—ã—Ö —Ñ–∞–∫—Ç–æ–≤,25346844,v5inf,6583433
492,90-60-90 | –°–ø–æ—Ä—Ç–∏–≤–Ω—ã–µ –¥–µ–≤—É—à–∫–∏,39728801,9o_6o_9o,6583433
493,–ü—Å–∏—Ö–æ–ª–æ–≥–∏—è,55662720,psyxov,6583433
494,–í–µ–ª–∏–∫–∏–µ –∂–µ–Ω—â–∏–Ω—ã | –ñ–µ–Ω—Å–∫–∏–π –∂—É—Ä–Ω–∞–ª,116119957,history_women,6583433
495,–ñ—É—Ä–Ω–∞–ª ¬´–¢–≤–æ–π –¥–µ–Ω—å¬ª,37419739,y_day,6583433
496,Mind - –ü–æ–∑–Ω–∞–≤–∞—Ç–µ–ª—å–Ω—ã–π –±–ª–æ–≥,35664334,mindblogs,6583433
497,–ò–º–µ–Ω–∞ - –ì–æ—Ä–æ—Å–∫–æ–ø,43986436,forename,6583433
498,–í–ï–°–´,108129353,vesy_unhoroscope,6583433
499,"South Park,–ê–º–µ—Ä–∏–∫–∞–Ω—Å–∫–∏–π –ü–∞–ø–∞—à–∞,–ì—Ä–∏—Ñ—Ñ–∏–Ω—ã,–°–∏–º–ø—Å–æ–Ω—ã",15555188,2iks2,6583526
500,C-c-combo breaker,43116499,combo__breaker,6583526
501,Apex Legends | Titanfall,55028585,titanfall,6583526
502,–¢–∏–ø–∏—á–Ω—ã–π –î–æ–ª–≥–æ–ø—Ä—É–¥–Ω—ã–π,30984094,dolgopacity,6583526
503,‚ú® Radiance ‚ú® –ö–∏–Ω–æ | –§–∏–ª—å–º—ã | –ú—É–ª—å—Ç—Ñ–∏–ª—å–º—ã | 2018,138993550,kino_radiance,6583526
504,IGM,30602036,igm,6583526
505,–ö–∏–Ω–∞ –ë—É–¥–µ—Ç,157081760,kinabudet,6583526
506,PlayStation ‚ö° –°–∫–∏–¥–∫–∏,78480022,psprices,6583526
507,–ö–∏–Ω–æ–º–∞–Ω–∏—è | –ù–æ–≤–∏–Ω–∫–∏ 2019,43215063,kinomania,6583526
508,Comics King,121878181,king_comics,6583526
509,–ü–õ–û–•–ò–ï –ù–û–í–û–°–¢–ò,150709625,plohie_novosti_mc,6583526
510,Destiny Child,152045181,destinychildglobal,6583526
511,–ö–ª–∞–¥–æ–≤–∞—è –∫–æ–º–∏–∫—Å–æ–≤,72884889,kladovayacomiksovv,6583526
512,–ú–∏—Ä –ö–∏–Ω–æ,48928605,world_movie,6583526
513,MARVEL vs DC,71822322,marvel_ru,6583526
514,–®–µ–¥–µ–≤—Ä—ã –ö–∏–Ω–æ | –ù–æ–≤—ã–µ —Ñ–∏–ª—å–º—ã,84875903,sh_kino,6583526
515,–ö–æ–º–º–µ–Ω—Ç–∞—Ç–æ—Ä –æ—Ç –ë–æ–≥–∞,149094324,komment.broo,6583526
516,–•–∏—Ç—Ä–æ—Å—Ç–∏ Lifehack,101316110,hitrohak,6583526
517,MyComics | Marvel,113866673,my_comics,6583526
518,MARVEL/DC,32370614,marvel_dc,6583526
519,–ú–£–õ–¨–¢–§–ò–õ–¨–ú–´,31377834,multiki2018,6583526
520,–ò–º–ø–µ—Ä–∏—è –ö–∏–Ω–æ | –§–∏–ª—å–º—ã –æ–Ω–ª–∞–π–Ω 2019,48319873,i.kino,6583526
521,myPlayStation,87011294,myplaystation_ru,6583526
522,–ú–æ–ª–æ–¥–µ–∂–Ω—ã–µ –∫–æ–º–µ–¥–∏–∏,87172081,comedyyouth,6583526
523,EMPIRE - MARVEL | DC,79337779,empire.project,6583526
524,PlayStation Plus | PS4,54983747,psplusru,6583526
525,–ù–æ–≤–∏–Ω–∫–∏ –∫–∏–Ω–æ | –¢-34 | –ê–ª–∏—Ç–∞,46105176,new_kino_o,6583526
526,Paramount Comedy,9836432,paramountcomedyrus,6583526
527,–£–≥–æ–ª–æ–∫ –ì–∏–∫–∞: MARVEL/DC,141577843,angle_geek,6583526
528,–ü–∏–∫–∞–±—É,31480508,pikabu,6583526
529,–õ–∞–π—Ñ—Ö–∞–∫,40567146,lhack,6583526
530,–õ–∏—Ç–†–ø–≥ –∫–Ω–∏–≥–∏ - –∏–≥—Ä–∞—Ç—å –∏–ª–∏ —á–∏—Ç–∞—Ç—å?,48785893,litrpg_book,6583526
531,–ì—Ä–∏—Ñ—Ñ–∏–Ω–¥–æ—Ä | –†–∏–∫ –∏ –ú–æ—Ä—Ç–∏ | –°–∏–º–ø—Å–æ–Ω—ã,88674651,1griffindor,6583526
532,–£–±–æ–π–Ω—ã–π —é–º–æ—Ä,30179569,fucking_humor,6583526
533,Friday the 13th The Game,147639566,friday13thgame,6583526
534,–ü–æ–∑–Ω–∞–≤–∞—Ç–µ–ª—å–Ω—ã–µ –§–∞–∫—Ç—ã,103844156,the_brain_journal,6583526
535,Blizzard Entertainment,168409583,blizzard,6583526
536,Fandom: MARVEL/DC,138959975,super.fandom,6583526
537,–û—Ñ–∏—Ü–∏–∞–ª—å–Ω—ã–π –î–æ–ª–≥–æ–ø—Ä—É–¥–Ω—ã–π,55154655,dolgoprudnyofficial,6583526
538,DOLMEDIA | –î–æ–ª–≥–æ–ø—Ä—É–¥–Ω—ã–π,97687545,dolmedia,6583526
539,UglyJoke,166641955,uglyjoke,6583526
540,–ö–∏–Ω–æ–º–∞–Ω–∏—è,22798006,kino_mania,6583526
541,MARVEL/DC UNIVERSE,29669088,fantasticm,6583526
542,Coop-Land | –°—Ç—Ä–∞–Ω–∞ –∫–æ–æ–ø–µ—Ä–∞—Ç–∏–≤–Ω—ã—Ö –∏–≥—Ä,32700627,coop_land,6583526
543,–õ–µ—Ç—ë—Ö–∞ | World of Warcraft Battle for Azeroth,149207209,theletexa,6583526
544,Comics Network,50554618,cartwork,6583526
545,MARVEL/DC,4070797,marvel,6583526
546,–ë–û–†–©,460389,borsch,6583526
547,–ù–∞—Å—Ç–æ—è—â–∏–π –ü–æ—Ö–µ—Ä–∏—Å—Ç,35783148,poherism_eto_filosofiya,6583526
548,Sexy Geek Girls Photos,43234662,geekgirls,6583526
549,Mysterious Geek | Marvel/DC,108109906,mysteriousgeek,6583526
550,–†–ò–ê –ù–æ–≤–æ—Å—Ç–∏,15755094,ria,6583526
551,–§–∏–ª—å–º—ã —É–∂–∞—Å–æ–≤,15199107,horrors,6583526
552,World of Warcraft,44409353,worldofwarcraft,6583526
553,–ö–ò–ù–û–õ–Ø–ü,66815878,kinolyapp,6583526
554,Just Comics: MARVEL/DC,100930566,dc_marvel,6583526
555,–†–∞–±–æ—á–∏–π —Å–ª—É—á–∞–π,144447784,work_stories,6583526
556,Heroes of the Storm,59770613,blizzheroes,6583526
557,–í—Å–µ–ª–µ–Ω–Ω–∞—è MARVEL|DC,112940897,my_ml,6583526
558,–ö—Ä—É—Ç—ã–µ –ö–æ–º–º–µ–Ω—Ç–∞—Ä–∏–∏,56720017,steep.comments,6583526
559,Hack News,150331642,hacknews1,6583526
560,–î–¶–ü,113162622,lifeontv,6583526
561,–®—ë–ø–æ—Ç —Ä–∞–∑–≤—Ä–∞—Ç–∞,49680000,ilust,6583526
562,–ì–ò–§–ö–ò –ì–ï–ô–ú–ï–†–ê,115753590,gifgamer,6583526
563,–ü–û–í–ï–ó–õ–û GIF | –ì–ò–§–ö–ò,135471600,show_povezlo,6583526
564,Author Today | –ê–≤—Ç–æ—Ä –¢—É–¥–µ–π - –ö–Ω–∏–≥–∏ –æ–Ω–ª–∞–π–Ω,115594337,author_today,6583526
565,–ó–õ–û–ô –ù–ï–ì–†,60203425,zloi_nigga,6583526
566,Black Desert Russia,70698842,bdo.russia,6583526
567,HERO PUB - MARVEL | DC,131529287,hero_pub,6583526
568,–Ø–ñ–ï–ú–ê–¢–¨!,143177265,club143177265,6583526
569,–ú–£–ñ–°–ö–ò–ï –ì–ò–§–ö–ò GIF,83555757,musclecarscity,6583526
570,–ö–æ–º–∏–∫—Å—ã 2—Ö2,67024330,2x2_off,6583526
571,–ì–∏—Ñ –ë–æ—Ç,141243966,botgif,6583526
572,–°–º–µ–π—Å—è –¥–æ —Å–ª—ë–∑ :D,26419239,ifun,6583526
573,–î–∞–≤–Ω–æ –Ω–µ –¥–µ—Ç–∏,74375689,not_kids,6583526
574,–ê–ù–û–ù–ò–ú,92397287,anonim_pb,6583526
575,Marvel DC AliExpress,145024351,marvel_aliexpress,6583526
576,–Ø–ñ–ï–°–¢–ï–†–í–ê,150624931,i_the_sterva,6583526
577,Criminal GIF | –ö—Ä–∏–º–∏–Ω–∞–ª,125303834,rus_criminalos,6583526
578,#–°–ö–ï–õ–ï–¢–í–®–ö–ê–§–£,146615807,skeletsekret,6583526
579,IDLE Pokemon,167104932,idlepokemon,6583526
580,–°–º–µ—Ö –∏ –ì—Ä–µ—Ö,114112776,smex_18_grex,6583526
581,–£–ø–æ—Ä–æ—Ç—ã–π Twitter,92897199,twittsy,6583526
582,check you,31866112,check_tyt,6583526
583,"GoldenShara - –∫–∏–Ω–æ, —Å–µ—Ä–∏–∞–ª—ã, –∏–≥—Ä—ã, –º—É–∑—ã–∫–∞",43045791,goldenshara,6583526
584,–î–≤–∞ –ü–∞–ª—å—Ü–∞,24632746,dva.palca,6583526
585,5 —Å–º–µ—à–Ω—ã—Ö –∞–Ω–µ–∫–¥–æ—Ç–æ–≤,28468381,jokesss,6583526
586,–§–∞–∫—Ç—ã –∏–∑ –ò—Å—Ç–æ—Ä–∏–∏,95385562,historycal_facts,6583526
587,–¢—é–ª–µ–Ω—å,104098674,tulenich,6583526
588,British humor,88497493,british_prikol,6583526
589,Fairy Tail: –ü—É—Ç—å –≥–µ—Ä–æ—è ‚Äì –æ—Ñ–∏—Ü–∏–∞–ª—å–Ω–∞—è –æ–Ω–ª–∞–π–Ω-–∏–≥—Ä–∞,159081784,fairytail101xp,6583526
590,Disenchantment,166946278,disenchantment_ru,6583526
591,The Insider,61618124,theinsiders,6583526
592,–î–µ–π—Å—Ç–≤–∏—Ç–µ–ª—å–Ω–æ —Å–º–µ—à–Ω–æ,23243883,topds,6583526
593,–Ø–ø–æ–Ω–∏—è,39190395,japeynis,6583526
594,–Ø–ñ–ï–ú–ê–¢–¨!,138871416,club138871416,6583526
595,–∞–Ω–∏—Ä–µ–∞–∫—Ç,41667645,anireact,6583526
596,–û–Ω–æ —Å—Ä–µ–¥–∏ –Ω–∞—Å (18+),83991314,ono_sredi_nas,6583526
597,–ü–æ–±–µ–¥–∏—Ç–µ–ª—å –ø–æ –∂–∏–∑–Ω–∏,123136213,yapobeditel,6583526
598,–ì—Ä–µ—à–Ω–∏–∫–∏,22733343,greshni4ki,6583526
599,–ë–æ—Ç –ê–Ω–µ–∫–¥–æ—Ç,29838762,roz_moz,6583526
600,Prank Time,132729641,prank_t1me,6583526
601,–ü–æ—à–ª—è–∫ 18+ | –ë–æ—Ç,104401396,vulgar__public,6583526
602,#–§–ê–ß,11992392,fachio,6583526
603,–ó–ª–æ–π –ß–∞–ø–ª–∏–Ω,92581206,zlouchaplin,6583526
604,–ë–ò–†–ñ–ê –ú–ï–ú–û–í,30487105,leprofun,6583526
605,–î–æ—Ä–æ–∂–Ω—ã–µ –í–æ–π–Ω—ã,153344099,road_wars,6583526
606,–Ø–ñ–ï–ú–ê–¢–¨!,144810593,omgmaze,6583526
607,"–Ø—Å—Ç–≤–∞. –î–æ—Å—Ç–∞–≤–∫–∞: –ü–∏—Ü—Ü–∞, C—É—à–∏, –†–æ–ª–ª—ã, –í–æ–∫, –û–±–µ–¥—ã",55858741,yastwa_dostavka,6583526
608,–í—ã–ñ–µ–†–æ–¥–∏—Ç–µ–ª–∏,146989004,bich_roditeli,6583526
609,–ö–∞–Ω–æ–±—É,11254710,kanobu,6583526
610,"–î–ê–í–ê–ô, –£–î–ò–í–õ–Ø–ô",128338223,davai_udivi,6583526
611,–°–º–µ—à–Ω—ã–µ –∞–Ω–µ–∫–¥–æ—Ç—ã –¢–û–ü,50841752,club50841752,6583526
612,–Ø –≤ —à–æ–∫–µ!,28761941,ishok,6583526
613,–ì–æ–ª | –§—É—Ç–±–æ–ª,99985606,ne_jalko,6583526
614,Blade and Soul Models ‚Ä¢ –ü—Ä–µ—Å–µ—Ç—ã,108807305,bns_presets,6583526
615,–°–µ—Ä–∏–∞–ª—ã: –ù–æ–≤–æ—Å—Ç–∏ ‚Ä¢ –¢—Ä–µ–π–ª–µ—Ä—ã ‚Ä¢ –°–∞—É–Ω–¥—Ç—Ä–µ–∫–∏ ‚Ä¢ HD,24984199,hdonline,6583526
616,–ì–µ–π–º–µ—Ä,36806776,gamer_blog,6583526
617,—Ç—É–ø—ã–µ –æ—Ç–º–∞–∑–∫–∏,111604199,tupieotmazki,6583526
618,TrollFace,31579712,fun_troll,6583526
619,–ú–æ—è –∏—Å—Ç–æ—Ä–∏—è,33850608,good.corp,6583526
620,"–≠—Ç–æ –†–æ—Å—Å–∏—è, —Ä–∞—Å—Å–ª–∞–±—å—Å—è!",71647603,russian_theory,6583526
621,–ü–æ—Ñ–∏–≥–∏—Å—Ç,26283591,vsem___pofig,6583526
622,Trollface,30013242,trollface_ffuu,6583526
623,FUN it - –º—É–∂—Å–∫–æ–π —é–º–æ—Ä,39830920,funit,6583526
624,GEEKSIDE,104931091,geekdarkside,6583526
625,"–ü—Ä–µ–∫—Ä–∞—Å–Ω–∞—è –†–æ—Å—Å–∏—è, –∏–Ω—Ç–µ—Ä–µ—Å–Ω—ã–µ –º–µ—Å—Ç–∞: —Ç—É—Ä–∏–∑–º",109435972,skukote_net,6583526
626,–ú–∞–≥–∏ —à—É—Ç—è—Ç,46617996,bash_mag,6583526
627,The Bam Art [–ö–æ—Å–ø–ª–µ–π –∏ –ê—Ä—Ç],72832184,bamart,6583526
628,–ò–≥—Ä–æ–ø–µ–¥–∏—è,37187130,igroid,6583526
629,–ê–ª—Ç—É—Ñ—å–µ–≤–æ | –ë–∏–±–∏—Ä–µ–≤–æ | –õ–∏–∞–Ω–æ–∑–æ–≤–æ online,137358926,altufievo_online,6583526
630,Revelation,116683903,revelation_game,6583526
631,—è –í —à–æ–∫–µ!,31541440,i_shok,6583526
632,ArcheAge,48398185,public_archeage,6583526
633,–ú–∞–≥–∏—á–µ—Å–∫–∞—è –†–µ–∞–ª—å–Ω–æ—Å—Ç—å,37586613,magic_wonderful_world,6583526
634,–ß—É–¥–µ—Å–∞ –∏–Ω–∂–µ–Ω–µ—Ä–Ω–æ–π –º—ã—Å–ª–∏,119220096,techmir,6583526
635,–ü—Ä–æ–º—Å–≤—è–∑—å–±–∞–Ω–∫,37131732,psbank_ru,6583526
636,CRAZY GIF,139668712,crazy_gifik,6583526
637,–ö–∞–Ω–æ–±—É/–ö–æ–º–∏–∫—Å—ã,147453903,kanobu_comics,6583526
638,–¢–µ–ª–∫–∏ –°—Ç–µ–ª—è—Ç: –°–µ–∫—Å –î–µ–≤—É—à–∫–∏ –°–∏—Å—å–∫–∏ –ü–æ–ø–∫–∏ –ù–µ –ü–æ—Ä–Ω–æ,62796918,telki_steliat,6583526
639,<<–ú–æ–π –¥–æ–º –ë–ò–ë–ò–†–ï–í–û>>,324345,moidombibirevo,6583526
640,–ú–µ—á—Ç–∞ –ë—É–∫–∏–Ω–∏—Å—Ç–∞,5653182,inbooksdream,6583526
641,–§–∏–ª–æ—Å–æ—Ñ–∏—è | –ü—Å–∏—Ö–æ–ª–æ–≥–∏—è | –°–∞–º–æ—Ä–∞–∑–≤–∏—Ç–∏–µ,33080201,dr.house4you,6583526
642,–ê–Ω–∏–º–µ –≥–∏—Ñ–∫–∏,39615703,gif.animeshki,6583526
643,My Little Brony (MLB) | Pony,41670861,mlpfan,6583526
644,–®–£–†–ò–ö ;D,49328293,shurik_cccp,6583526
645,Fables,59712618,fableskomics,6583526
646,–ú–∏—Ä—ã –î–º–∏—Ç—Ä–∏—è –†—É—Å–∞,62739810,drusworlds,6583526
647,Presets Black Desert | –ü—Ä–µ—Å–µ—Ç—ã –¥–ª—è –ø–µ—Ä—Å–æ–Ω–∞–∂–µ–π,83134580,presetbd,6583526
648,–ú—ç—Ä—Ä–∏ –ü–æ–ø–ø–∏–Ω—Å,114205307,maryy_poppins,6583526
649,–°–æ–≤—Ä–µ–º–µ–Ω–Ω—ã–µ –¥–µ—Ç–∏,118030893,todays_childrens,6583526
650,My Story,125962295,my_storry,6583526
651,–ü–æ–¥—Å–ª—É—à–∞–Ω–æ | –°–ª–∞–≤—è–Ω–∫–∞,41980636,slavyanka,6583527
652,–ö–ª–µ–≤–µ—Ä,162729615,clever,6583527
653,Bileter - –±–∏–ª–µ—Ç—ã –Ω–∞ –≤—Å–µ –º–µ—Ä–æ–ø—Ä–∏—è—Ç–∏—è –ü–µ—Ç–µ—Ä–±—É—Ä–≥–∞,25880479,bileter,6583527
654,ZELLO - –°–µ–≤–µ—Ä–æ–º–æ—Ä—Å–∫,46772213,zellosever,6583527
655,PLACEBO,91683885,placebo,6583527
656,–õ—É—á—à–∏–µ —Ñ–æ—Ç–æ–≥—Ä–∞—Ñ—ã –∏ –º–æ–¥–µ–ª–∏ | –ò—Å–∫—É—Å—Å—Ç–≤–æ,5880263,pho,6583610
657,–ö–∏–Ω–æ–º–∞–Ω–∏—è | –ù–æ–≤–∏–Ω–∫–∏ 2019,43215063,kinomania,6583610
658,–î–ï–¢–ò –í –§–û–ö–£–°–ï,53512893,detivphokuse,6583610
659,–ò–¥–µ–∏ –ö–æ–º—Ñ–æ—Ä—Ç–∞-—Å–æ–∑–¥–∞—ë–º –¥–∏–∑–∞–π–Ω —Å–≤–æ–∏–º–∏ —Ä—É–∫–∞–º–∏,34086497,i_komforta,6583610
660,–í—ã—Å—à–∞—è —à–∫–æ–ª–∞ —Ñ–æ—Ç–æ–≥—Ä–∞—Ñ–∏–∏,12509083,hspmow,6583610
661,–Ø  –ú–ê–ú–ê!‚Ñ¢ –î–µ—Ç–∏. –°–µ–º—å—è,20676527,mama.online,6583610
662,–ê–†–¢ –∏—Å–∫—É—Å—Å—Ç–≤–æ,25813425,twitart,6583610
663,Betraveler | –î–æ–±—Ä–æ –ø–æ–∂–∞–ª–æ–≤–∞—Ç—å –Ω–∞ –ó–µ–º–ª—é,26127512,travel.blog,6583610
664,"–ë–æ–ª—å—à–µ, —á–µ–º —Ñ–æ—Ç–æ",27725748,foto.blog,6583610
665,Photoday: –ª–µ–≥–µ–Ω–¥–∞—Ä–Ω—ã–µ —Ñ–æ—Ç–æ–≥—Ä–∞—Ñ–∏–∏,29101839,bestphotogroup,6583610
666,–®–µ–¥–µ–≤—Ä—ã —Ä–µ–∫–ª–∞–º—ã,29302425,bestad,6583610
667,"–ë–æ–ª—å—à–µ, —á–µ–º –ø—Ä–æ—Å—Ç–æ —Ñ–æ—Ç–æ–≥—Ä–∞—Ñ–∏—è",29411855,unusual_photos,6583610
668,Bon App√©tit,32194285,bon,6583610
669,Cook it! - –≤–∫—É—Å–Ω—ã–µ —Ä–µ—Ü–µ–ø—Ç—ã,32231484,just_cook,6583610
670,Just Cook,32509740,just__cook,6583610
671,–ö–∏–Ω–æ–ö–∞–π—Ñ - –ª—É—á—à–µ–µ –∏–∑ –º–∏—Ä–∞ –∫–∏–Ω–æ!,34199707,movie4you,6583610
672,–ò–Ω—Ç–µ—Ä–µ—Å–Ω–∞—è –ú–æ—Å–∫–≤–∞,34274053,mosc1,6583610
673,–†–µ—Ü–µ–ø—Ç—ã,34451036,great.food,6583610
674,–û—Ç–∫—Ä–æ–π –ø–ª–∞–Ω–µ—Ç—É –∑–∞–Ω–æ–≤–æ |  –ü—É—Ç–µ—à–µ—Å—Ç–≤–∏—è –ø–æ –º–∏—Ä—É,35238813,tripdiary,6583610
675,KIABI –†–û–°–°–ò–Ø,35741006,kiabi,6583610
676,Patee. –†–µ—Ü–µ–ø—Ç—ã: –í–∫—É—Å–Ω—ã–µ —Ä–µ—Ü–µ–ø—Ç—ã —Å —Ñ–æ—Ç–æ –∏ –≤–∏–¥–µ–æ,36104739,pateeru,6583610
677,–°–∞—Ä–∫–∞–∑–º,36164349,s_arcazm,6583610
678,–ò–¥–µ–∏ –¥–∏–∑–∞–π–Ω–∞ –∏–Ω—Ç–µ—Ä—å–µ—Ä–∞,36184135,i_des,6583610
679,–Ø–±—Å—ä–µ–∑–¥–∏–ª,38044058,travel_vk,6583610
680,–§–æ—Ç–æ.–°–∞–π—Ç,38326426,ru_photosight,6583610
681,Cook Good - –ª—É—á—à–∏–µ —Ä–µ—Ü–µ–ø—Ç—ã,39009769,cook_good,6583610
682,‚Ä¢ –î–æ–º–∞—à–Ω—è—è –ö—É–ª–∏–Ω–∞—Ä–∏—è ‚Ä¢,42025607,dom.kylinaria,6583610
683,–ö–≤–∞—Ä—Ç–∏—Ä–Ω—ã–π –í–æ–ø—Ä–æ—Å,42541008,flatme,6583610
684,–í–ö–£–°–ù–û! –≤ –º—É–ª—å—Ç–∏–≤–∞—Ä–∫–µ,50770002,vkusnovmultivarke,6583610
685,ELC Russia,54344226,elc_russia,6583610
686,–ë—É—Ç–∏–∫ –¥–µ—Ç—Å–∫–æ–π –æ–¥–µ–∂–¥—ã Boom Bloom - Gymboree (–°–®–ê),56259679,boombloom,6583610
687,–ë–µ—Å–ø–ª–∞—Ç–Ω—ã–µ –ø—Ä–µ—Å–µ—Ç—ã - Lightroom -  Lightroom CC,59199907,ilovelightroom,6583610
688,–ú–æ—Å–∫–≤–∞: –ò–Ω—Å—Ç—Ä—É–∫—Ü–∏—è –ø–æ –ø—Ä–∏–º–µ–Ω–µ–Ω–∏—é!,59570143,msk4you,6583610
689,Pon4ita_shop,61100301,pon4ita_shop,6583610
690,–î–∏–∑–∞–π–Ω –∏ –¥–µ–∫–æ—Ä üè†,64762359,decor.house,6583610
691,Katya.Ginger.Photo,90406493,katygingerphoto,6583610
692,–°—Ö–æ–¥–Ω—è Online,90967126,sho61,6583695
693,–¢–µ–æ—Ä–∏—è –ë–æ–ª—å—à–æ–≥–æ –ü–∏–≤–∞,150544850,tbpps,6583695
694,–ö–æ—Ä–ø–æ—Ä–∞—Ü–∏—è –ó–ª–∞,29246653,evil_incorparate,6583695
695,Apple,35145657,iphone,6583695
696,–ì–∏—Ñ–∫–∏ –∏ –∏–Ω—Ç–µ—Ä–µ—Å–Ω—ã–µ —Ñ–∞–∫—Ç—ã –í–∫–æ–Ω—Ç–∞–∫—Ç–µ,30371336,goodbook_su,6583695
697,–õ–µ–≤ | 28 –º–∞—Ä—Ç–∞,38522045,leo_horoscope,6583695
698,–†–∞–¥–∏–æ ¬´–ú–∞—è–∫¬ª,35744422,mayakfm,6583695
699,–•—É–¥–µ–µ–º –≤–º–µ—Å—Ç–µ,44048829,netkilo,6583695
700,–®–µ–¥–µ–≤—Ä—ã —Ä–µ–∫–ª–∞–º—ã,29302425,bestad,6583695
701,–ü–æ—á–µ–º—É? –ü–æ–≤—ã—à–∞–µ–º IQ,42307767,pochemu,6583695
702,–°–∞—Ä–∫–∞–∑–º,26030283,agil_vk,6583695
703,–¢–æ–ø–∏–∞—Ä–∏–π - –î–µ—Ä–µ–≤–æ —Å—á–∞—Å—Ç—å—è(hand-made),160990797,club160990797,6583695
704,–°—Ö–æ–¥–Ω—è –°–µ–≥–æ–¥–Ω—è,106943257,shodnytoday,6583695
705,Traveller,23964485,traveller1990,6583695
706,–ö–æ—Ä–ø–æ—Ä–∞—Ü–∏—è –Æ–º–æ—Ä–∞ „ÉÑ,23537466,corporationofhumor,6583695
707,–ù–µ –ø–æ–≤–µ—Ä–∏—à—å!,28477986,ne.poverish,6583695
708,"–ë–æ–ª—å—à–µ, —á–µ–º –ø—Ä–æ—Å—Ç–æ —Ñ–æ—Ç–æ–≥—Ä–∞—Ñ–∏—è",29411855,unusual_photos,6583695
709,–ö–∞–Ω–¥–∏–¥–∞—Ç –≤ –ú–∏–ª–ª–∏–æ–Ω–µ—Ä—ã| –ë–∏–∑–Ω–µ—Å –∂—É—Ä–Ω–∞–ª,49547350,kmillioner,6583695
710,–ü–æ—Ä–∞–∑–∏—Ç–µ–ª—å–Ω—ã–µ —Ñ–∞–∫—Ç—ã,43503725,best_fakts,6583695
711,–Ø–ñ–ï–í–û–î–ò–¢–ï–õ–¨,151016287,club151016287,6583695
712,–∏–∑ –°–∞–Ω–∫—Ç-–ü–µ—Ç–µ—Ä–±—É—Ä–≥–∞ |  –¥–µ—à–µ–≤—ã–µ –∞–≤–∏–∞–±–∏–ª–µ—Ç—ã,15184219,tickets_from_led,6583695
713,–î–õ–Ø –†–§: 1ZAGON.TK / –ó–∞–≥–æ–Ω–∫–∞ / Zagonka.ru,24540963,zagonka,6583695
714,Full HD 720p...,26304265,kinomaxproduction,6583695
715,Take and make,26998393,vozmisdelay,6583695
716,–¢–æ–Ω–∫–∏–π —é–º–æ—Ä,27237360,agil1_vk,6583695
717,–ù–µ—Ñ–æ—Ä–º–∞—Ç–Ω—ã–π –≥–æ—Ä–æ—Å–∫–æ–ø –Ω–∞ 28 –º–∞—Ä—Ç–∞,27726363,unformat,6583695
718,–ì–æ—Ç–æ–≤–∏–º –≤–º–µ—Å—Ç–µ,28565318,gotovim_vmeste,6583695
719,‚ñ≤ –ß—ë—Ä–Ω—ã–π —é–º–æ—Ä,29508356,bullshitter,6583695
720,–ë–µ–∑ –∫–æ—Ç–∞ –∏ –∂–∏–∑–Ω—å –Ω–µ —Ç–∞ „ÉÑ,30262661,bez__kota,6583695
721,–ù–µ–æ–±—ã—á–Ω–∞—è —Ä–µ–∫–ª–∞–º–∞,36621560,bestadv,6583695
722,–ß–µ—Ä–Ω–∞—è —Ñ–∏–ª–æ—Å–æ—Ñ–∏—è,41331440,black_filosofy,6583695
723,–ö–≤–∞—Ä—Ç–∏—Ä–Ω—ã–π –í–æ–ø—Ä–æ—Å,42541008,flatme,6583695
724,"–õ—É–ß—à–ò–µ –ú—É–õ—å–¢–∏–ö–∏,  –ú—É–õ—å–¢—Ñ–ò–ª–¨–º–´ –æ—Ç [HDKINOKLUB.RU]",43529742,multimir_hd720,6583695
725,–°–¢–°,46003476,httpvk.comctc,6583695
726,–ñ–∏–≤–æ—Ç–Ω—ã–µ –•–∏–º–∫–∏,132029647,hmkanimal,6583695
727,–¢—Ä–∞–Ω—Å—Ñ–æ—Ä–º–∞—Ç–æ—Ä,136288271,transformator,6583695
728,NBA. –ù–æ–≤–æ—Å—Ç–∏ | –ù–ë–ê-–ù–æ–≤–æ—Å—Ç–∏.–†–§,28402905,nba__news,6583697
729,–ò—Å—Ç–æ—Ä–∏—è|History,53782768,history_0z,6583697
730,IGM,30602036,igm,6583697
731,–¢–∏–ø–∏—á–Ω—ã–π –•–∞—Ä—å–∫–æ–≤,33180247,only_kharkov,6583697
732,–•—ç–Ω–∫ –ú—É–¥–∏,34298047,ihank,6583697
733,9GAG,32041317,ru9gag,6583697
734,–ö–æ–º–µ–¥–∏–∏,49266632,my_comedy,6583697
735,–õ–µ–ø—Ä–∞,30022666,leprum,6583697
736,–¢–≤–æ—Ä—á–µ—Å–∫–æ–µ –û–±—ä–µ–¥–∏–Ω–µ–Ω–∏–µ ¬´Gazgolder¬ª,1415705,gaz,6583697
737,–°–ö–†–ò–ü–¢–û–ù–ò–¢,23546772,scriptonite,6583697
738,NR,29573241,rapnewrap,6583697
739,–•–∞—Ä—å–∫–æ–≤,1543502,1stolica,6583697
740,–ö—É–ø–∏—Ç—å/–ü—Ä–æ–¥–∞—Ç—å –ü–í–• –û–¢–•–û–î–´,3645289,pppvvvccc,6583697
741,NATFood.com.ua –ú–∞–≥–∞–∑–∏–Ω —Å—É—Ö–æ—Ñ—Ä—É–∫—Ç–æ–≤ –∏ —Å–ø–µ—Ü–∏–π,8402718,natfood_com,6583697
742,Music Next Door,16120134,musicxdoor,6583697
743,–ö–∏–Ω–æ–º–∞–Ω–∏—è,22798006,kino_mania,6583697
744,Eminem,22991532,eminemshow,6583697
745,"–°—Ç—É–¥–∏—è ""–ö–≤–∞—Ä—Ç–∞–ª 95""",23268451,kvartal95,6583697
746,–ù–æ–≤–æ—Å—Ç–∏ NBA 24/7,23493764,nba247,6583697
747,Red Bull,24881486,redbull,6583697
748,5 –ª—É—á—à–∏—Ö —Ñ–∏–ª—å–º–æ–≤,26750264,xfilm,6583697
749,"–§–µ–¥–µ—Ä–∞—Ü–∏—è –µ–∑–¥–æ–≤–æ–≥–æ —Å–ø–æ—Ä—Ç–∞ –£–∫—Ä–∞–∏–Ω—ã, –•–∞—Ä—å–∫–æ–≤.",31320334,ussf.kharkov,6583697
750,–°–ù–ò–ö–ï–†–•–≠–î | SNEAKERHEAD,31959306,sneaker_head,6583697
751,V1lat's Fan Page,33964060,v1latfans,6583697
752,–≠—Ç–æ —Ä–∞–±–æ—Ç–∞–µ—Ç,37160097,etorabotaet,6583697
753,‚òæ–î–Ω–µ–≤–Ω–∏–∫ –∂–µ–Ω—â–∏–Ω—ã‚òΩ,40794212,aksinyameditation,6583697
754,–ö–∏–Ω–æ–º–∞–Ω–∏—è | –ù–æ–≤–∏–Ω–∫–∏ 2019,43215063,kinomania,6583697
755,Fast Food Music,45172096,fastfoodmusic,6583697
756,COUB,46172262,coub,6583697
757,–ö–∏–Ω–æ–ª—é–±–∏—Ç–µ–ª–∏ - –õ—É—á—à–∏–µ —Ñ–∏–ª—å–º—ã,48868052,movie_loverss,6583697
758,–§–∏–ª—å–º—ã 2017 | –ú—É–ª—å—Ç—Ñ–∏–ª—å–º—ã | –°–µ—Ä–∏–∞–ª—ã ‚òÖKinoGo.cc,49655796,kinogo_net,6583697
759,–ø–æ —Å–µ–∫—Ä–µ—Ç—É,50308473,inscrt,6583697
760,–•—É–µ–≤—ã–π –•–∞—Ä—å–∫–æ–≤,54315157,h_kharkov,6583697
761,–ù–æ–≤–∏–Ω–∫–∏ –∫–∏–Ω–æ,56176916,kinonov_in,6583697
762,–ü–æ–¥—Å–ª—É—à–∞–Ω–æ –•–∞—Ä—å–∫–æ–≤,59739928,kharkov.overheard,6583697
763,–ü–æ–¥—Å–ª—É—à–∞–Ω–æ –•–ù–≠–£ –∏–º. –°. –ö—É–∑–Ω–µ—Ü–∞,60754263,podslushano_hneu,6583697
764,–ü–∞—Ü–∞–Ω—ã –≤ –±–µ–¥–µ –Ω–µ –±—Ä–æ—Å—è—Ç,64132959,lovebratik,6583697
765,CS:GO,64541139,c58cs,6583697
766,–í–ª–∞—Å—Ç—å –≤ –Ω–æ—á–Ω–æ–º –≥–æ—Ä–æ–¥–µ,69648534,power__starz,6583697
767,Fotofonov Photographer,78211459,farafoto,6583697
768,Combo Vine,78996568,combovine,6583697
769,BiG EM,80162795,big_em,6583697
770,–ü–û–ß–¢–ò –û–†–ò–ì–ò–ù–ê–õ | almostoriginal,90283601,almostoriginal,6583697
771,–°–ª—É–≥–∞ –ù–∞—Ä–æ–¥–∞,95856107,sluga95,6583697
772,–¶–µ–Ω—Ç—Ä —Ñ–∏–∑–∏—á–µ—Å–∫–æ–≥–æ –≤–æ—Å–ø–∏—Ç–∞–Ω–∏—è —Å–æ–±–∞–∫ KCSDS ROX RD,100367316,kcsdsrox,6583697
773,RNS,119166995,daaamnsoon,6583697
774,Stickerz.com.ua | –ü—Ä–æ—Å—Ç–æ –∂–∏—Ä–Ω—ã–µ —Å—Ç–∏–∫–µ—Ä–∞,130881302,stickerz_com_ua,6583697
775,–ú–∞–≥–∞–∑–∏–Ω –ø—Ä–æ—Ñ–µ—Å—Å–∏–æ–Ω–∞–ª—å–Ω–æ–π –∫–æ—Å–º–µ—Ç–∏–∫–∏ M-Cosmetics!,25887864,promcosmetics,6583698
776,–ú–æ—Ä–æ–∑–∏–≤–æ ¬´–†—É–¥—å¬ª ‚Äî –ª—ñ–¥–µ—Ä –≤ –£–∫—Ä–∞—ó–Ω—ñ,28369580,rudukraine,6583698
777,–°–∞–ª–æ–Ω –∫—Ä–∞—Å–æ—Ç—ã,34757875,be.women,6583698
778,Happy Paw,36260860,happypaw,6583698
779,Verial Brand,42209297,verialbrand,6583698
780,KittyShop,61583804,kittyshopua,6583698
781,"–ñ–ï–ù–°–ö–ê–Ø –ö–û–ñ–ê–ù–ê–Ø –û–ë–£–í–¨ –£–ö–†–ê–ò–ù–ê ""OLVEN""",90225710,olven_shoes,6583698
782,–ë–µ–∑–∫–æ—à—Ç–æ–≤–Ω–∞ –£–∫—Ä–∞—ó–Ω–∞,90359214,besplatnoukraina1,6583698
783,–ë–µ—Å–ø–ª–∞—Ç–Ω–æ | –ë–µc–ø–ª–∞—Ç–Ω–∞—è,102757008,freecompetitionss,6583698
784,–õ–µ–¥–∏ –≤ —Å—É—Ä–æ–≤–æ–º –≥–æ—Ä–æ–¥–µ,103931665,lady_ch,6583698
785,–ë–µ—Å–ø–ª–∞—Ç–Ω—ã–π –ü–∏—Ç–µ—Ä,108513886,giftkonkurs,6583698
786,–ú–æ–¥–∞ –∏ —Å—Ç–∏–ª—å,112710623,beali,6583698
787,"Shoose Shop | –ö–µ–¥—ã, –ö—Ä–æ—Å—Å–æ–≤–∫–∏ –£–∫—Ä–∞–∏–Ω–∞",112875257,shoosecomua,6583698
788,–ê–∫—Ü–∏–∏ –∞–≤–∏–∞–∫–æ–º–ø–∞–Ω–∏–π ‚Äî –¥–µ—à–µ–≤—ã–µ –ø—É—Ç–µ—à–µ—Å—Ç–≤–∏—è,115359277,vezdeletby,6583698
789,–ö–æ–Ω–∫—É—Ä—Å—ã,119270694,free_prizes_48,6583698
790,–®–ø–∏–ª—å–∫–∏ | –ñ–µ–Ω—Å–∫–∏–π –ñ—É—Ä–Ω–∞–ª,29686754,woman.blog,6583701
791,Champions Cup | –§–£–¢–ë–û–õ,8722610,championsscup,6583701
792,Patrick Schik,20483838,pschik,6583701
793,AUTO,23783750,pubauto,6583701
794,–°–∏–Ω–µ–º–∞,24518587,monkey,6583701
795,5 —É–º–Ω—ã—Ö –º—ã—Å–ª–µ–π,24713873,v5umm,6583701
796,–¢—É–ø–æ–∫–∞–π—Ñ!,25201845,tupokaif,6583701
797,Indie Journal,25535241,indiejournal,6583701
798,–õ–∞–π—Ñ—Ö–∞–∫,25873533,5lifehacker,6583701
799,–°–ø–æ—Ä—Ç–∏–≤–Ω–∞—è,26614831,my_sportt,6583701
800,iFeed,26858816,ifeed,6583701
801,–ë–∏–∑–Ω–µ—Å-—Ü–∏—Ç–∞—Ç–Ω–∏–∫. Online –∂—É—Ä–Ω–∞–ª,28556858,businessquotes,6583701
802,Business.Strategy | –° —É—Å–ø–µ—Ö–æ–º –ø–æ –∂–∏–∑–Ω–∏,30559917,businessstrategy,6583701
803,Cook it! - –≤–∫—É—Å–Ω—ã–µ —Ä–µ—Ü–µ–ø—Ç—ã,32231484,just_cook,6583701
804,–ò–¥–µ–∏ –≤–∞—à–µ–≥–æ –¥–æ–º–∞,32439535,homeideaz,6583701
805,‚Ä¢ Made in Japan,32494276,japanmagazine,6583701
806,–û–¥–µ—Å—Å–∞ –∫–∞–∫ –æ–Ω–∞ –µ—Å—Ç—å...,32728983,odpublic_net,6583701
807,Wooster's,33648674,nickelsonwooster,6583701
808,–î–æ—Å—Ç–æ–π–Ω—ã–µ —Ñ–∏–ª—å–º—ã,33769500,dfilm,6583701
809,IQOS –Ω–∞ AliExpress | –ö—É–ø–∏—Ç—å –ê–∫—Å–µ—Å—Å—É–∞—Ä—ã –¥–ª—è –ê–π–∫–æ—Å,33950761,iqos_kupit_chehol_elektronnaya,6583701
810,–ú—É–∑—ã–∫–∞,34384434,mzk,6583701
811,"–§—É—Ç–±–æ–ª | –ù–æ–≤–æ—Å—Ç–∏, —Ç—Ä–∞–Ω—Å—Ñ–µ—Ä—ã, –º–µ–º—ã, —Å—Ç–∞—Ç–∏—Å—Ç–∏–∫–∞.",34732382,eurofoot365,6583701
812,Blog For Men,35077504,fashionmenblog,6583701
813,–ü–æ–ø—É–ª—è—Ä–Ω–∞—è –ú—É–∑—ã–∫–∞,36031799,popmelody,6583701
814,–ü–æ–¥—Å–ª—É—à–∞–Ω–æ –≤ –ú–æ–ª–æ–¥—ë–∂–Ω–æ–º —Å–æ–≤–µ—Ç–µ –û–¥–µ—Å—Å—ã,36120296,msovetodessa,6583701
815,LIFE LESSONS | –£—Ä–æ–∫–∏ –∂–∏–∑–Ω–∏,36692222,lessonsforlife,6583701
816,Indietronica,36704950,indietronica,6583701
817,–í–°–ï–£–ö–†–ê–ò–ù–°–ö–ò–ô –¶–ï–ù–¢–† –ë–û–õ–ì–ê–†–°–ö–û–ô –ö–£–õ–¨–¢–£–†–´,38532429,bulgariancenter,6583701
818,–õ—É—á—à–∏–µ –≥–∏—Ñ–∫–∏ | GIF –ë–æ—Ç,39703413,best_gif,6583701
819,–ü–õ–Æ–°–´ –ò –ú–ò–ù–£–°–´,40103104,plusimin,6583701
820,Live Free,42668519,eugenetrofimchuk,6583701
821,–ê–∫–∞–¥–µ–º–∏—è –ü–æ—Ä—è–¥–æ—á–Ω—ã—Ö –ü–∞—Ä–Ω–µ–π,45595714,academyofman,6583701
822,–ù–æ–≤–∞—è –ú—É–∑—ã–∫–∞ 2019 & –ü–æ–ø—É–ª—è—Ä–Ω—ã–µ –ü–µ—Å–Ω–∏,48588263,pofigizma,6583701
823,–ò–¥–µ–∏ –¥–ª—è –¥–æ–º–∞ - –î–∏–∑–∞–π–Ω –∏–Ω—Ç–µ—Ä—å–µ—Ä–∞,49290489,vkinterior,6583701
824,–•–ª–µ–± Fazer,51571395,fazer_russia,6583701
825,–ü–†–û –§–£–¢–ë–û–õ | –¢–†–ê–ù–°–§–ï–†–´,55656389,profootballs,6583701
826,–î–µ—Ç—Å–∫–∏–µ —Ñ—É—Ç–±–æ–ª—å–Ω—ã–µ —Å–æ—Ä–æ–∫–æ–Ω–æ–∂–∫–∏ –∏ –º—è—á–∏ –û–¥–µ—Å—Å–∞,59467240,sorokonozhki.odessa,6583701
827,"–§—É—Ç–±–æ–ª—å–Ω—ã–π —Ç—É—Ä–Ω–∏—Ä ""FLASH-LIGA"" –≤ —Ñ–æ—Ä–º–∞—Ç–µ 7—Ö7",65867395,flash_liga_odessa,6583701
828,–ë–µ—Å–ø–ª–∞—Ç–Ω–∏–∫ ( –ë–µ—Å–ø–ª–∞—Ç–Ω–∞—è –û–¥–µ—Å—Å–∞ ),69132997,odsfree,6583701
829,–¢–∏–ø–∏—á–Ω—ã–π –º–∏–ª–ª–∏–∞—Ä–¥–µ—Ä,70423685,bg.purse,6583701
830,–°—Ç–∞—Ä—Ç–∞–ø - –±–∏–∑–Ω–µ—Å –∂—É—Ä–Ω–∞–ª,75550743,startap4you,6583701
831,GOALTIME | –§–£–¢–ë–û–õ,76470207,goaltime,6583701
832,–§–ö –ê—Ç–ª–µ—Ç–∏–∫ –ê–∫–∞–¥–µ–º–∏—è –°–ø–æ—Ä—Ç–∞: 06 - 07. –§–æ—Ç–æ,77511782,club77511782,6583701
833,Timeout.od.ua |  –î–æ—Å—Ç–∞–≤–∫–∞ —Å—É—à–∏\–ø–∏—Ü—Ü—ã –≤ –û–¥–µ—Å—Å–µ,81015554,timeout_odessa,6583701
834,–î–Ω–µ–≤–Ω–∏–∫–∏ –ò–Ω–≤–µ—Å—Ç–æ—Ä–∞,81351135,dnevnikinvest4you,6583701
835,–ú–æ–ª–æ–¥—ë–∂–Ω–∞—è –æ—Ä–≥–∞–Ω–∏–∑–∞—Ü–∏—è –õ–ê–ô–¢,86589357,light.odessa,6583701
836,–û—Ç–¥–∞–º –¥–∞—Ä–æ–º –û–¥–µ—Å—Å–∞,92002551,odessa_otdam,6583701
837,–°–ª—É–≥–∞ –ù–∞—Ä–æ–¥–∞,95856107,sluga95,6583701
838,–¢–≤–æ–π –ø–æ—Ç–µ–Ω—Ü–∏–∞–ª: –æ—Ç —Å–∞–º–æ—Ä–∞–∑–≤–∏—Ç–∏—è –¥–æ –±–∏–∑–Ω–µ—Å–∞!,108325011,p0tencial4you,6583701
839,I AM BOSS,116338154,bizzboss,6583701
840,–¢–û–° 2016 –¥–ª—è –≥—Ä—É–ø–ø—ã –°–∫–∏–¥–∞–Ω–æ–≤–∏—á–∞. –í—Å–µ —Å–∞–º—ã–µ —Å–≤–µ–∂–∏,123583247,club123583247,6583701
841,"FOOTSHOP - —Å–ø–æ—Ä—Ç —ç–∫–∏–ø–∏—Ä–æ–≤–∫–∞, –æ–±—É–≤—å, –∏–Ω–≤–µ–Ω—Ç–∞—Ä—å.",128902898,footshop_ua,6583701
842,–ë–∞–Ω–∫ –±–∏–∑–Ω–µ—Å –∏–¥–µ–π,132967752,bizbank1,6583701
843,Vape –ë–∞—Ä–∞—Ö–æ–ª–∫–∞ –£–∫—Ä–∞–∏–Ω–∞,96623789,vape_baraholkaua,6583702
844,AliExpress –¥–ª—è –º—É–∂–∏–∫–æ–≤ | AliExpress for men,119947969,ali_f0r_man,6583702
845,–ø–æ —Å–µ–∫—Ä–µ—Ç—É,50308473,inscrt,6583702
846,–ù–µ–≤–µ—Ä–æ—è—Ç–Ω—ã–µ –§–∞–∫—Ç—ã,100714248,incredible_thing,6583702
847,Fantacy Technology Co Ltd,60350820,fantacytechnology,6583702
848,"–≠—Ç–æ –ó–∞–ø–æ—Ä–æ–∂—å–µ, –¥–µ—Ç–∫–∞!",109570137,zp_detka,6583702
849,#–Ø–ú–ò–õ–õ–ò–ê–†–î–ï–†,38771560,billiondollars,6583702
850,WD,17501935,webdiscover_ru,6583702
851,KISS FM Online,22751782,kissmyfm,6583702
852,Exclusive Minimal Techno‚Ñ¢,29819975,exclusivemt,6583702
853,Exclusive music,39190134,the_exclusive_music,6583702
854,The Employer | –ü—Ä–µ–¥–ø—Ä–∏–Ω–∏–º–∞—Ç–µ–ª—å,45993355,theemployer,6583702
855,Goalstream (–ì–æ–ª—Å—Ç—Ä–∏–º) - —Å–ø–æ—Ä—Ç–∏–≤–Ω–∞—è —Å–æ—Ü—Å–µ—Ç—å,50624761,goalstream,6583702
856,–Ø –í–µ—Ä—é –í –§–∏—Ç–Ω–µ—Å!,57934306,fit_food,6583702
857,–¢–∏–ø–∏—á–Ω–æ–µ –ó–∞–ø–æ—Ä–æ–∂—å–µ,68767588,club68767588,6583702
858,NRG FISHING,92420409,nrgfishing,6583702
859,–≠–∫—Å–ø–µ—Ä–∏–º–µ–Ω—Ç–∞—Ç–æ—Ä | –ù–∞—É–∫–∞,122149207,experimentato,6583702
860,Ariant,126322110,ariantua,6583702
861,Hell`s Gate Juice Co.,130103736,hells_gate_juice,6583702
862,–°—Ç—Ä–∞–Ω–Ω—ã–π —é–º–æ—Ä,29614963,c.umor,6583774
863,–ß–µ—Ç–∫–∏–µ –ü—Ä–∏–∫–æ–ª—ã,23064236,ilikes,6583774
864,–ù–æ–≤–∏–Ω–∫–∏ –ú—É–∑—ã–∫–∏ 2019,23180464,klassnenkiy_ru,6583774
865,–†–∂—É–Ω–∏–º–∞–≥—É,23497895,oxaxa,6583774
866,"–í —á—ë–º —Å–∏–ª–∞, –±—Ä–∞—Ç?",24029839,myzhskoi_style,6583774
867,–†–µ–∞–ª—å–Ω—ã–µ –ø–∞—Ü–∞–Ω—ã –Ω–∞ –¢–ù–¢,24912364,club24912364,6583774
868,–ó–∞—á–µ—Ä–∫–Ω–∏ –ø—Ä–æ—à–ª–æ–µ,24985591,zacherkni_proshloe,6583774
869,1001 –ú–µ–º,25089415,mem1001,6583774
870,–ö—Ä–∞—Å–æ—Ç–∞ –Ω–∞—à–µ–π –ø–ª–∞–Ω–µ—Ç—ã,27246052,vkpic,6583774
871,–ù–µ –ø–æ–≤–µ—Ä–∏—à—å!,28477986,ne.poverish,6583774
872,!TEASE!,28977711,teease,6583774
873,–†–µ—Ü–µ–ø—Ç—ã,30187757,my_recept,6583774
874,‚Ä¢ iFace,30277672,iface,6583774
875,–ì–µ–π–º–µ—Ä—ã,30387085,gamehuman,6583774
876,Perm.DJ - –í—Å–µ –∫–ª—É–±–Ω—ã–µ –≤–µ—á–µ—Ä–∏–Ω–∫–∏ –ü–µ—Ä–º–∏,30790700,perm_dj,6583774
877,Ideas & Decor,31963425,ideasdecor,6583774
878,Cook it! - –≤–∫—É—Å–Ω—ã–µ —Ä–µ—Ü–µ–ø—Ç—ã,32231484,just_cook,6583774
879,Cristiano Ronaldo....,32316220,club32316220,6583774
880,–ù—É —á—Ç–æ –∑–∞ —é–º–æ—Ä..,33306317,nebred,6583774
881,"–†–∂—É–Ω–∏–º–∞–≥—É - –∞–Ω–µ–∫–¥–æ—Ç—ã, –ø—Ä–∏–∫–æ–ª—ã",33708813,lokoto,6583774
882,–ú–æ–π –∑–Ω–∞–∫ –∑–æ–¥–∏–∞–∫–∞ –ë–ª–∏–∑–Ω–µ—Ü—ã,33755055,moi_znak_bliz,6583774
883,–í—Ä–µ–º—è –û—Ö—É–∏—Ç–µ–ª—å–Ω—ã—Ö –ö–∞—Ä—Ç–∏–Ω–æ–∫ #–í–û–ö,34090193,vremya_xx,6583774
884,–°–∞–ª–æ–Ω –∫—Ä–∞—Å–æ—Ç—ã,34757875,be.women,6583774
885,–ú–∏—Ä –∫—Ä–∞—Å–æ—Ç—ã,34981365,be.girl,6583774
886,–ë–ª–∏–∑–Ω–µ—Ü—ã. –ì–æ—Ä–æ—Å–∫–æ–ø,35176474,stargid03,6583774
887,Z Zone | –†–µ–∞–ª –ú–∞–¥—Ä–∏–¥,130521397,zzone7,6583777
888,–ï–≤—Ä–æ–ø–µ–π—Å–∫–∏–π –§—É—Ç–±–æ–ª | –û—Ç–±–æ—Ä –Ω–∞ –ï–≤—Ä–æ-2020,12637219,eurofoot,6583777
889,–î–∏–∑–∞–π–Ω –∏–Ω—Ç–µ—Ä—å–µ—Ä–∞,33301261,archvk,6583777
890,–î–∏–∑–∞–π–Ω –∏–Ω—Ç–µ—Ä—å–µ—Ä–∞,32407793,interiorno,6583777
891,Volniy Aul¬Æ,25552262,volniy_aul,6583777
892,VA Republic¬Æ,42136334,va_republic,6583777
893,My Life Is MMA,49264394,wealon,6583777
894,–ù–∞ –°–ª—É—á–∞–π –í–∞–∂–Ω—ã—Ö –ü–µ—Ä–µ–≥–æ–≤–æ—Ä–æ–≤,12353330,peregovorov,6583777
895,–õ–µ–ø—Ä–∞,30022666,leprum,6583777
896,–û–±–æ–∏ –¥–ª—è Android & iPhone | Daily Wallpapers,43356376,dailywalls,6583777
897,–í—Å–µ–ª–µ–Ω–Ω–∞—è –ö–∏–Ω–æ | –§–∏–ª—å–º—ã –û–Ω–ª–∞–π–Ω HD,53258521,vk_hd,6583777
898,"–û–ë–†–ê–ó –ñ–ò–ó–ù–ò|–ø—Å–∏—Ö–æ–ª–æ–≥–∏—è,–æ—Ç–Ω–æ—à–µ–Ω–∏—è,–æ–±—â–µ—Å—Ç–≤–æ|—Ü–∏—Ç–∞—Ç—ã",439,comotivation,6583777
899,Music Next Door,16120134,musicxdoor,6583777
900,–ß—ë—Ç–∫–∏–µ –ø—Ä–∏–∫–æ–ª—ã,21515884,w.like,6583777
901,–ù–æ–≤–∏–Ω–∫–∏ –ú—É–∑—ã–∫–∏ 2019,23180464,klassnenkiy_ru,6583777
902,–ó–µ–º—Ñ–∏—Ä–∞,23408047,zemfira,6583777
903,E-squire,24098496,ru.esquire,6583777
904,VOGUE,24396213,voguerussia,6583777
905,–ö–ª—É–± National Geographic –†–æ—Å—Å–∏—è,24565142,natgeoru,6583777
906,L'amour de Soi,25505149,lamour_de_soi,6583777
907,–ú–û–î–ù–´–ï –°–û–í–ï–¢–´,25723017,sovety_o_mode,6583777
908,"–ë–æ–ª—å—à–µ, —á–µ–º —Ñ–æ—Ç–æ",27725748,foto.blog,6583777
909,–ë–µ–∑ –∫–æ—Ç–∞ —Å–∫—É–∫–æ—Ç–∞,28301494,i.love.animals,6583777
910,–ó–∞–≥–∞–¥–∫–∏ –≠–π–Ω—à—Ç–µ–π–Ω–∞,28772416,enigma47,6583777
911,–ö–æ—Ä–ø–æ—Ä–∞—Ü–∏—è –ó–ª–∞,29246653,evil_incorparate,6583777
912,How much?,29509030,hmuch,6583777
913,Femmie,29633894,femmie,6583777
914,YES,29684347,yes.journal,6583777
915,–°–ü–û–†–¢ - –≠–¢–û –ñ–ò–ó–ù–¨,30360552,sports_is_life2019,6583777
916,–î–µ–≤–∏—á–Ω–∏–∫ | –ö–æ–≥–¥–∞ –≤–º–µ—Å—Ç–µ –≤–µ—Å–µ–ª–æ,30431255,1woman,6583777
917,–§–∏—Ç–Ω–µ—Å –∏ –∑–¥–æ—Ä–æ–≤—å–µ. –î–∏–µ—Ç—ã –∏ —Å–ø–æ—Ä—Ç.,30447908,ladyonline,6583777
918,Business.Strategy | –° —É—Å–ø–µ—Ö–æ–º –ø–æ –∂–∏–∑–Ω–∏,30559917,businessstrategy,6583777
919,–ß—Ç–æ –ø–æ—Å–º–æ—Ç—Ä–µ—Ç—å?,30638367,filmadvice,6583777
920,–ê–º—É—Ä - –∑–¥–µ—Å—å –æ–±–∏—Ç–∞—é—Ç —Å–≤–∞–¥–µ–±–Ω—ã–µ —Ñ–æ—Ç–æ–≥—Ä–∞—Ñ—ã,30897388,amurkz,6583777
921,–•–∏—Ç—Ä–æ—Å—Ç–∏ –∂–∏–∑–Ω–∏,30953300,lifecheater,6583777
922,Fashionista,31041444,ffashionista,6583777
923,‚òÖ Tagbrand ‚òÖ,31292985,tagbrand,6583777
924,–ö–Ω–∏–≥–∏,31513532,best_psalterium,6583777
925,Bon App√©tit,32194285,bon,6583777
926,Cook it! - –≤–∫—É—Å–Ω—ã–µ —Ä–µ—Ü–µ–ø—Ç—ã,32231484,just_cook,6583777
927,–†–æ–±–∏–Ω –®–∞—Ä–º–∞ | –∏ –¥—Ä—É–≥–∏–µ –∞–≤—Ç–æ—Ä—ã,32294070,robinsharma,6583777
928,The Pursuit of HappYness,32443293,pocketfulofhappiness,6583777
929,–ó–∞—Ü–µ–Ω–∏ –¥–∏–∑–∞–π–Ω| –ö—Ä–µ–∞—Ç–∏–≤ | –°—Ç—Ä–æ–∏—Ç–µ–ª—å—Å—Ç–≤–æ | –†–µ–º–æ–Ω—Ç,32776206,lookdesign,6583777
930,TrendMeOn,33260669,trendmeon,6583777
931,Transformator Travel,33383239,transformator.travel,6583777
932,English | –ê–Ω–≥–ª–∏–π—Å–∫–∏–π —è–∑—ã–∫,33489538,eng007,6583777
933,–ë–µ—Ä–µ–≥–∏—Ç–µ –ø—Ä–∏—Ä–æ–¥—É | –ñ–∏–≤–æ—Ç–Ω—ã–µ,33709813,animal.blog,6583777
934,Hello Kazakhstan,34013141,hello.kazakhstan,6583777
935,–û —á–µ–º –≥–æ–≤–æ—Ä—è—Ç –º—É–∂—á–∏–Ω—ã,34137285,for_men_only,6583777
936,Fashion Book,34161355,girl.wants,6583777
937,Good Music 18+,34190052,good_music,6583777
938,–î–∏–µ—Ç–∏—á–µ—Å–∫–∏–µ —Ä–µ—Ü–µ–ø—Ç—ã,34889014,dietsrecipes,6583777
939,–û—Ç–∫—Ä–æ–π –ø–ª–∞–Ω–µ—Ç—É –∑–∞–Ω–æ–≤–æ |  –ü—É—Ç–µ—à–µ—Å—Ç–≤–∏—è –ø–æ –º–∏—Ä—É,35238813,tripdiary,6583777
940,I need more fucking lipsticks,35358495,ineedmorelipsticks,6583777
941,0% –∂–∏—Ä–Ω–æ—Å—Ç–∏,35486195,zerofat,6583777
942,–ò–¥–µ–∏ –¥–∏–∑–∞–π–Ω–∞ –∏–Ω—Ç–µ—Ä—å–µ—Ä–∞,36184135,i_des,6583777
943,Êó•Êú¨ | Japan | –Ø–ø–æ–Ω–∏—è,36671206,we.love.nihon,6583777
944,‚óè dance inspiration ‚óè,37067293,danceinspiration,6583777
945,–°–≤–∞–¥–µ–±–Ω—ã–µ –∏–¥–µ–∏ Hibride,37760479,hibride,6583777
946,–ê–∫–∞–¥–µ–º–∏—è –£—Å–ø–µ—Ö–∞,38278171,lamaracom,6583777
947,–ü—É—Ç–µ—à–µ—Å—Ç–≤–∏—è,38363244,arounds_the_world,6583777
948,***Elehandmade***  –ö—Ä–æ–π–∫–∞ –∏ —à–∏—Ç—å–µ,39502869,sewing_school,6583777
949,–ü–õ–Æ–°–´ –ò –ú–ò–ù–£–°–´,40103104,plusimin,6583777
950,Handmade Club | –ò–¥–µ–∏ –ø–æ–¥–∞—Ä–∫–æ–≤,40187253,fan_handmade,6583777
951,–ö–≤–∞—Ä—Ç–∏—Ä–Ω—ã–π –í–æ–ø—Ä–æ—Å,42541008,flatme,6583777
952,–®–µ–¥–µ–≤—Ä—ã –ö–∏–Ω–æ | –õ—É—á—à–∏–µ —Ñ–∏–ª—å–º—ã 2019,47131705,m_kinos,6583777
953,Smart - —É–º–Ω—ã–π –∂—É—Ä–Ω–∞–ª!,47679753,be.smart,6583777
954,–ò–º–ø–µ—Ä–∏—è –ö–∏–Ω–æ | –§–∏–ª—å–º—ã –æ–Ω–ª–∞–π–Ω 2019,48319873,i.kino,6583777
955,–ó–∞–ø–∏—Å–∫–∏ —à–µ—Ñ-–ø–æ–≤–∞—Ä–∞,48618580,chief.cooker,6583777
956,–ñ–µ–Ω—Å–∫–∏–µ —à—Ç—É—á–∫–∏,48911100,women.love,6583777
957,TED Talks. Ideas worth spreading,50348171,talks_ted,6583777
958,–ö—É–ª–∏–Ω–∞—Ä–Ω—ã–µ —Ö–∏—Ç—Ä–æ—Å—Ç–∏,51068271,cookinder,6583777
959,–î–Ω–µ–≤–Ω–∏–∫ –ö–Ω–∏–≥–æ–ª—é–±–∞,53820700,club53820700,6583777
960,–Ø–ø–æ–Ω–∏—è,56551687,ru_japan,6583777
961,MDK,57846937,mudakoff,6583777
962,–û—Ç—Ä—ã–≤–∫–∏ –∏–∑ —Ñ–∏–ª—å–º–æ–≤ –∏ –º—É–ª—å—Ç—Ñ–∏–ª—å–º–æ–≤,60620017,chastkino,6583777
963,–ü—Ä–∞–≤–∏–ª—å–Ω—ã–µ —Ä–µ—Ü–µ–ø—Ç—ã | GIF,66576159,coooking_recipes,6583777
964,–ó–¥–æ—Ä–æ–≤–æ–µ –ø–∏—Ç–∞–Ω–∏–µ | Power of will,77109534,the_power_of_will,6583777
965,–°–≤–∞–¥–µ–±–Ω—ã–π  —Ç–∞–Ω–µ—Ü  –≥. –ö–∞—Ä–∞–≥–∞–Ω–¥–∞,92920354,svadba_dance_krg,6583777
966,TATLER,136270576,tatler,6583777
967,–í—ã–∫—Ä–æ–π–∫–∏ –æ—Ç –ö–∞—Ç–∏ –ú—Ö–∏—Ç–∞—Ä—è–Ω,146904363,vikroyki.besplatno,6583780
968,–ò–Ω—Ç–µ—Ä—å–µ—Ä –∏ –î–µ–∫–æ—Ä,107676730,best_decor_interior,6583780
969,–®–∫–æ–ª–∞ –ö–†–û–ô–ö–ò –ò –®–ò–¢–¨–Ø –ú–∞–≥–Ω–∏—Ç–æ–≥–æ—Ä—Å–∫ (–ö—É—Ä—Å—ã),156272893,oldemclub,6583780
970,"–°–≤–æ–∏–º–∏ —Ä—É–∫–∞–º–∏ (–¢–≤–æ—Ä—á–µ—Å—Ç–≤–æ, –®–∏—Ç—å–µ, –í—ã–∫—Ä–æ–π–∫–∏)",38966129,fashion.freak,6583780
971,–ú–ê–ú–ê‚Ñ¢,20249656,love_mama,6583780
972,–í–∏–∑—É–∞–ª—å–Ω—ã–π –∞–Ω–≥–ª–∏–π—Å–∫–∏–π | English,36775085,learnenglish,6583780
973,KING SIZE ROLL —Å—É—à–∏ –ß–µ–ª—è–±–∏–Ω—Å–∫ –ö–∏–Ω–≥ –°–∞–π–∑,80264198,kingsizeroll2,6583780
974,–Ø`–¢–ö–ê–ù–ò –î–ï–¢–Ø–ú. –Ø—Ä–∫–∏–µ —Ç–∫–∞–Ω–∏ –¥–ª—è –Ø—Ä–∫–∏—Ö –¥–µ—Ç–µ–π!,37806472,itkanideti,6583780
975,–ê–Ω–≥–ª–∏–π—Å–∫–∏–π –∫–∞–∂–¥—ã–π –¥–µ–Ω—å | Endaily,25153764,endaily,6583780
976,–î–æ—á–∫–∏-–°—ã–Ω–æ—á–∫–∏,40926256,dochkisinochki,6583780
977,–ü–†–ò–ù–¢–ò–ö –¢–µ—Ä–º–æ—Ç—Ä–∞–Ω—Å—Ñ–µ—Ä—ã —Å–æ–±—Å—Ç–≤–µ–Ω–Ω–æ–≥–æ –ø—Ä–æ–∏–∑–≤–æ–¥—Å—Ç–≤–∞,159186576,printik_21,6583780
978,–¢—Ä–∏–∫–æ—Ç–∞–∂–Ω—ã–µ —Ç–∫–∞–Ω–∏ www.ILoveFabric.ru,50516290,sovmestnayazakupkatkani,6583780
979,Busy Kids –ë–∏–∑–∏–±–æ—Ä–¥,81457851,busykids_club,6583780
980,–ö—É—Ä—Å—ã –∫—Ä–æ–π–∫–∏ –∏ —à–∏—Ç—å—è –≤ –ß–µ–ª—è–±–∏–Ω—Å–∫–µ!,106602325,ya_shveya74,6583780
981,–ë–µ—Å–ø–ª–∞—Ç–Ω—ã–µ –≤—ã–∫—Ä–æ–π–∫–∏ –¥–ª—è –¥–µ—Ç–µ–π –∏ –≤–∑—Ä–æ—Å–ª—ã—Ö,135287543,club135287543,6583780
982,–ë–∏–∑–∏–±–æ—Ä–¥—ã –∏ –ë–∏–∑–∏–¥–æ–º–∏–∫–∏ Indie Toys,127186019,indie_toys,6583780
983,–°–∏–º–∞-–ª–µ–Ω–¥,32409346,sima_land,6583780
984,0% –∂–∏—Ä–Ω–æ—Å—Ç–∏,35486195,zerofat,6583780
985,–ú–∞–º–∏–Ω—ã —É–º–µ–ª—ã–µ —Ä—É—á–∫–∏.–í–´–ö–†–û–ô–ö–ò.–®–ò–¢–¨–Å,133129307,maminiymelieruchki,6583780
986,"–Ø—Ä–º–∞—Ä–∫–∞ –ú–∞—Å—Ç–µ—Ä–æ–≤ | handmade, —Ä—É–∫–æ–¥–µ–ª–∏–µ, –∞—Ä—Ç",28202415,livemaster,6583780
987,"""–¢–ï–ö–°–¢–ò–õ–ò–Ø"" - —Ç–∫–∞–Ω–∏ –æ–ø—Ç–æ–º –∏ –≤ —Ä–æ–∑–Ω–∏—Ü—É.",72172864,textiliya,6583780
988,"–®–∫–∞—Ç—É–ª–∫–∞ - –≤—ã–∫—Ä–æ–π–∫–∏ –≤ PDF, –º–∞—Å—Ç–µ—Ä-–∫–ª–∞—Å—Å—ã, —à–∏—Ç—å–µ",52976063,materials_shkatulka,6583780
989,"My Sweet Home - –¢–∫–∞–Ω–∏ –∏ –ò–¥–µ–∏, –¥–∞—é—â–∏–µ –≤–¥–æ—Ö–Ω–æ–≤–µ–Ω–∏–µ",33598593,my_sweet_home_textil,6583780
990,"–î–æ–º–∞—à–Ω–∏–π –î–µ—Ç—Å–∫–∏–π —Å–∞–¥ ""–ö—É–±–∏–∫ –†—É–±–∏–∫"" | –ß–µ–ª—è–±–∏–Ω—Å–∫",29616214,sadik74,6583780
991,"–ú–∞—Å—Ç–µ—Ä—Å–∫–∞—è –∏–≥—Ä—É—à–µ–∫.  Handmade, —Ä—É–∫–æ–¥–µ–ª–∏–µ.",59531231,toys.studio,6583780
992,–ò–≥—Ä—É—à–∫–∏ –∏–∑ —Ñ–µ—Ç—Ä–∞ - –º–∞—Å—Ç–µ—Ä-–∫–ª–∞—Å—Å—ã –∏ –≤—ã–∫—Ä–æ–π–∫–∏,73746821,mkfetr,6583780
993,–ê–∑–±—É–∫–∞ —Ä–µ–º–æ–Ω—Ç–∞ | –°—Ç—Ä–æ–∏—Ç–µ–ª—å—Å—Ç–≤–æ,106277494,azbuka.remonta,6583780
994,–ó–æ–ª–æ—Ç–æ–µ –Ø–±–ª–æ–∫–æ,44515433,goldapple_ru,6583780
995,–†–∞–∑–≤–∏–≤–∞—é—â–∏–µ –∑–∞–Ω—è—Ç–∏—è –¥–æ–º–∞ —Å –º–∞–º–æ–π,106980444,razvitie_s_mamoi,6583780
996,–†–µ—Ü–µ–ø—Ç—ã,34451036,great.food,6583780
997,#–ò–ì–†–£–®–ö–ò–î–ê–†–û–ú - –¥–µ—Ç—Å–∫–∏–µ –∏–≥—Ä—É—à–∫–∏,58281791,igryshka_darom,6583780
998,FitFood - –†–µ—Ü–µ–ø—Ç—ã –ü–ü,77989566,fitfoodpp,6583780
999,–§–µ—Ç—Ä–≤–∏–ª–ª—å - —Ç–µ—Ä—Ä–∏—Ç–æ—Ä–∏—è —Ä–∞–∑–≤–∏–≤–∞—é—â–∏—Ö –∏–≥—Ä—É—à–µ–∫,92856820,fetrville,6583780
1000,–ò–ó –§–ï–¢–†–ê. –ú–ö –∏ –≤—ã–∫—Ä–æ–π–∫–∏.,43184547,izfetra,6583780
1001,–ü—É–¥—Ä–∞ ‚Ä¢ –∂–µ–Ω—Å–∫–∏–π –∂—É—Ä–Ω–∞–ª,33477779,pudra.journal,6583780
1002,–û—Ä–∞–Ω–∂–µ–≤—ã–π —à–∞—Ä–∏–∫ - —Ç–æ–≤–∞—Ä—ã –¥–ª—è —Ç–≤–æ—Ä—á–µ—Å—Ç–≤–∞,62231334,orangeshar,6583780
1003,–ê–Ω–≥–ª–∏–π—Å–∫–∏–π —è–∑—ã–∫,36147615,english_is_fun,6583780
1004,–í–î–û–•–ù–û–í–ï–ù–ò–ï | –¢–∫–∞–Ω–∏ –¥–ª—è –æ—Å–æ–±–µ–Ω–Ω—ã—Ö –≤–µ—â–µ–π,158114681,vdohnovenie_tkany,6583780
1005,–ò–¥–µ–∏ Handmade,42811897,made_in_hand,6583780
1006,–î–æ–º–∏–Ω–∞–Ω—Ç–∞ - —Å—Ç–æ–º–∞—Ç–æ–ª–æ–≥–∏—è —Å —Ä–∞—Å—à–∏—Ä–µ–Ω–Ω–æ–π –≥–∞—Ä–∞–Ω—Ç–∏–µ–π,144795475,dominantachel,6583780
1007,–ö—É–ª–∏–Ω–∞—Ä–Ω—ã–µ —Ä–µ—Ü–µ–ø—Ç—ã,54391453,club54391453,6583780
1008,–ù–µ—Ç–∏–ø–∏—á–Ω—ã–π –ß–µ–ª—è–±–∏–Ω—Å–∫,134884299,cheliabinsknetip,6583780
1009,–ú–∞–º–∞-—Å–æ–ª–Ω—ã—à–∫–æ,128900315,sunmommy,6583780
1010,–õ—é–±–∏–º—ã–µ —Ä–µ—Ü–µ–ø—Ç—ã!,49437501,lub_recepty,6583780
1011,–í–∞—à –º–∞–≥–∞–∑–∏–Ω –∫–Ω–∏–≥ –Ω–∞ –∞–Ω–≥–ª–∏–π—Å–∫–æ–º,135583518,bestenglishbook,6583780
1012,"–ü—Ä–∞–∑–¥–Ω–∏—á–Ω—ã–π –±—É–º –ß–µ–ª—è–±–∏–Ω—Å–∫, –≤—Å–µ –¥–ª—è –ø—Ä–∞–∑–¥–Ω–∏–∫–∞!",33980967,bum74,6583780
1013,–®–≤–µ–π–Ω—ã–µ –º–∞—à–∏–Ω—ã. –¢–æ–≤–∞—Ä—ã –¥–ª—è —à–∏—Ç—å—è –∏ —Ä—É–∫–æ–¥–µ–ª–∏—è,20511251,redcost_ru,6583780
1014,–ß–µ—Ä–Ω—ã–π –±–µ–ª—ã–π —Å–ø–∏—Å–æ–∫ –ø—Ä–æ–¥–∞–≤—Ü–æ–≤ —Ç–∫–∞–Ω–∏.–ü–æ–∏—Å–∫ –¢–∫–∞–Ω–∏,133170931,club133170931,6583780
1015,"–í –ú–æ–¥–µ | –ú–æ–¥–∞, –û–¥–µ–∂–¥–∞, –°—Ç–∏–ª—å",25118213,fashionroll,6583780
1016,–ö–Ω–∏–≥–∞ —Ä–µ–∫–æ—Ä–¥–æ–≤ | –®–æ–∫,34543413,records_book,6583780
1017,–ß–µ–ª—è–±–∏–Ω—Å–∫ online,58912288,chel_on_line,6583780
1018,Tkani.Land –¢—Ä–∏–∫–æ—Ç–∞–∂–Ω—ã–µ —Ç–∫–∞–Ω–∏,171876774,tkaniland_tricot,6583780
1019,–°—ä–µ—à—å –º–µ–Ω—è!,572618,eatmefirst,6583780
1020,Discovery,25117353,discovery__world,6583780
1021,QWERTY - –ª—É—á—à–∏–π –Ω–∞—É—á–ø–æ–ø –Ω–∞ YouTube,89379348,qwrtru,6583780
1022,–ó–∞–ø–∏—Å–∫–∏ –£—Å–ø–µ—à–Ω–æ–≥–æ –ß–µ–ª–æ–≤–µ–∫–∞,35114569,pub.zapiski,6583780
1023,–û—Ç–∫—Ä–æ–π –ø–ª–∞–Ω–µ—Ç—É –∑–∞–Ω–æ–≤–æ |  –ü—É—Ç–µ—à–µ—Å—Ç–≤–∏—è –ø–æ –º–∏—Ä—É,35238813,tripdiary,6583780
1024,–§–ï–¢–†–û–ö–õ–£–ë: —Ä–∞–∑–≤–∏–≤–∞—à–∫–∏ –∏ –¥–µ–∫–æ—Ä –∏–∑ —Ñ–µ—Ç—Ä–∞,50157615,fetroclub,6583780
1025,"–ü–ª–∞—Ç—å—è, –ø–æ—à–∏–≤, –∞—Ä–µ–Ω–¥–∞, –¥–∏–∑–∞–π–Ω –æ–¥–µ–∂–¥—ã –ß–µ–ª—è–±–∏–Ω—Å–∫",51942398,dressforwoman74,6583780
1026,"–¢–ê–ë–õ–ï–†–ò–ù–ö–ò –†–∞–∑–≤–∏–≤–∞—é—â–∏–µ –∫–Ω–∏–∂–∫–∏, –∫—É–±–∏–∫–∏, –∏–≥—Ä—É—à–∫–∏",40954445,tablert,6583780
1027,–ú–æ–ª–æ–¥–µ–∂—å –Æ–∂–Ω–æ–≥–æ –£—Ä–∞–ª–∞ | #–º–æ–ª–æ–¥–µ–∂—å74,31012631,molodezh74,6583780
1028,–ó–õ–û–ô –ö–ò–†–û–í–ß–ê–ù–ò–ù,124248130,zloy_kirov,6583780
1029,Style and Decor,40333650,style__and__decor,6583780
1030,–ú–∞—Å—Ç–µ—Ä—Å–∫–∞—è —á—É–¥–µ—Å,40372592,miraclesworkshop,6583780
1031,MARIAGE –ö–æ–Ω–¥–∏—Ç–µ—Ä—Å–∫–æ–µ –∞—Ç–µ–ª—å–µ,40796014,mariagemacaron,6583780
1032,‚òÜ‚òÜ‚òÜ–ó–∞–∫—É–ø–æ—á–∫–∏! –ü—Ä–∏–≤–ª–µ–∫–∞—Ç–µ–ª—å–Ω—ã–µ —Ü–µ–Ω—ã‚òÜ‚òÜ‚òÜ,44445085,club44445085,6583780
1033,ART HOUSE - –°—Ç–∏–ª–∏–∑–æ–≤–∞–Ω–Ω—ã–µ –ø–æ—Ä—Ç—Ä–µ—Ç—ã –Ω–∞ —Ö–æ–ª—Å—Ç–µ,49703118,arthouse_official,6583780
1034,–≠–¢–ò –î–ï–¢–ò,50256515,club50256515,6583780
1035,"–°—Ç—É–¥–∏—è —Ñ–ª–æ—Ä–∏—Å—Ç–∏–∫–∏ –∏ –¥–µ–∫–æ—Ä–∞ ""–ê—Ä—Ç —Ñ–ª–æ—Ä–∞"" –ß–µ–ª—è–±–∏–Ω—Å–∫",76286024,artflora74,6583780
1036,–û–±—É—á–µ–Ω–∏–µ —Ä—É–∫–æ–≤–æ–¥–∏—Ç–µ–ª–µ–π. –®–∫–æ–ª–∞ –Ø –Ω–∞—á–∞–ª—å–Ω–∏–∫,115026656,ya_nachalnik,6583780
1037,–ó–Ω–∞—Ç—å –∏ –ø–æ–∑–Ω–∞–≤–∞—Ç—å,55948138,the_discover,6583781
1038,–ú–µ–Ω—å—à–µ –∞–¥–∞,42559005,badbeliever,6583781
1039,–ú–∞–º–∞ üíû,63657636,p_poditeli,6583781
1040,–ò–¥–µ–∏ –¥–ª—è —Ç–≤–æ—Ä—á–µ—Å—Ç–≤–∞ –∏ –ø–æ–¥–∞—Ä–∫–æ–≤ —Å–≤–æ–∏–º–∏ —Ä—É–∫–∞–º–∏,31805219,i_d_t,6583781
1041,–ò–Ω—Ç–µ—Ä–µ—Å–Ω–∞—è –ú–æ—Å–∫–≤–∞,38834885,bestmoscow,6583781
1042,"–ú–∏–∫—Ä–æ—Ä–∞–π–æ–Ω –ö—É–∑–Ω–µ—á–∏–∫–∏ ‚Äî –Ω–æ–≤–æ—Å—Ç–∏, —Å–æ–±—ã—Ç–∏—è, –ª—é–¥–∏",42189844,kuznechiki_podolsk,6583781
1043,"–ü—Ä–∞–≤–æ—Å–ª–∞–≤–Ω–∞—è –Ω–µ–≤–µ—Å—Ç–∞, –∂–µ–Ω–∞ –∏ –º–∞–º–∞",45300204,kapelka_s,6583781
1044,–ö–õ–£–ë –û–°–û–ó–ù–ê–ù–ù–´–• –ò –õ–Æ–ë–Ø–©–ò–• –†–û–î–ò–¢–ï–õ–ï–ô-–¥–µ—Ç–∏ –∏ —Å–µ–º—å—è,48978,detiroditeli,6583781
1045,"–í—Å–µ –¥–ª—è –ø—Ä–∞–∑–¥–Ω–∏–∫–∞: –∏–¥–µ–∏, –∫–æ–Ω–∫—É—Ä—Å—ã, —Å—Ü–µ–Ω–∞—Ä–∏–∏",40171145,kanaloprazdnike,6583781
1046,–î–æ–º–æ–≤–æ–¥—Å—Ç–≤–æ,65248501,domavkysno,6583781
1047,–®–∫–∞—Ç—É–ª–∫–∞ –∏–¥–µ–π (–ü–æ–¥–∞—Ä–∫–∏ —Å–≤–æ–∏–º–∏ —Ä—É–∫–∞–º–∏ –ü–æ–¥–µ–ª–∫–∏),23715713,handmade_blog,6583781
1048,–ì–∞–∑–µ—Ç–∞ ¬´–°–ü–ï–¶–ù–ê–ó –†–û–°–°–ò–ò¬ª –∏ –∂—É—Ä–Ω–∞–ª ¬´–†–ê–ó–í–ï–î–ß–ò–ö–™¬ª,48144384,specnazalpha,6583781
1049,"–ë–∞—Ä—ã—à–Ω—è-–∫—Ä–µ—Å—Ç—å—è–Ω–∫–∞, –∫–ª–∞—Å—Å–∏—á–µ—Å–∫–∏–µ –ø–ª–∞—Ç—å—è",39040254,barkrest,6583781
1050,–ö—Å—é—à–∞ –†–µ–Ω–Ω–µ—Ä | –§–æ—Ç–æ–≥—Ä–∞—Ñ–∏—Ä—É—é –≤–∞—à–∏ –∏—Å—Ç–æ—Ä–∏–∏,121088375,renner_photo,6583781
1051,"–í–∑–≥–ª—è–Ω–∏ –Ω–∞ –º–∏—Ä | –ø—É—Ç–µ—à–µ—Å—Ç–≤–∏—è, –∞—Ä—Ç, —Ñ–æ—Ç–æ, —Ç—É—Ä–∏–∑–º",30975621,interworld,6583781
1052,–ü–æ–¥–µ–ª–∫–∏ –¥–ª—è –¥–µ—Ç–µ–π,32281484,podelky,6583781
1053,–ê—Ä–º–∏–Ø ‚Äî —Å–∏–ª–∞!,34875089,armypower,6583781
1054,–ü—Ä–∞–≤—á—Ç–µ–Ω–∏–µ,137792414,pravchtenie,6583781
1055,–í—Å–µ –≤–º–µ—Å—Ç–µ –ø–æ–º–æ–∂–µ–º –î–∏–º–µ –ò–∑–º–∞–π–ª–æ–≤—É !,118053930,pomojemvse,6583781
1056,–ù–∏–∫–∏—Ç–∞ –ú–∏—Ö–∞–ª–∫–æ–≤,26662151,nm,6583781
1057,–†—É–∫–æ–¥–µ–ª–∏–µ –≤ –ü–æ–¥–æ–ª—å—Å–∫–µ | –ì–∏–ø–µ—Ä–º–∞—Ä–∫–µ—Ç –ò–¥–µ–π,67101767,gipermarket_idey,6583781
1058,–ü—Ä–æ—Ç–æ–∏–µ—Ä–µ–π –ê–Ω–¥—Ä–µ–π –¢–∫–∞—á—ë–≤,33360510,andreytkachevcom,6583781
1059,–®–µ–¥–µ–≤—Ä—ã —Ä–µ–∫–ª–∞–º—ã,29302425,bestad,6583782
1060,KudaGo: –ú–æ—Å–∫–≤–∞,37119411,kudago,6583782
1061,–ö–ª—É–± —Ä—É–∫–æ–¥–µ–ª–∏—è,65647630,be.kreativ,6583782
1062,"–†–∞–±–æ—Ç–∞, –∞—Å–ø–∏—Ä–∞–Ω—Ç—É—Ä–∞, —Å—Ç–∞–∂–∏—Ä–æ–≤–∫–∏ –∏ —Å—Ç–∏–ø–µ–Ω–¥–∏–∏",40183096,liveffect,6583782
1063,0% –∂–∏—Ä–Ω–æ—Å—Ç–∏,35486195,zerofat,6583782
1064,–ú–∞–≥–∞–∑–∏–Ω Brand-Club | –ú—É–∂—Å–∫–∞—è –æ–±—É–≤—å –æ–¥–µ–∂–¥–∞,11570609,brandclubkiiik,6583782
1065,–ò–≥—Ä–∞ –ü—Ä–µ—Å—Ç–æ–ª–æ–≤,23050992,thegameofthrones,6583782
1066,–ö–ª—É–± National Geographic –†–æ—Å—Å–∏—è,24565142,natgeoru,6583782
1067,World of History,25752703,world_his,6583782
1068,–ì–æ—Ç–æ–≤–∏–º –≤–º–µ—Å—Ç–µ,28565318,gotovim_vmeste,6583782
1069,–ì–æ–≤–æ—Ä–∏—Ç –ú–ì–£,30938657,typical_msu,6583782
1070,Bon App√©tit,32194285,bon,6583782
1071,Cook it! - –≤–∫—É—Å–Ω—ã–µ —Ä–µ—Ü–µ–ø—Ç—ã,32231484,just_cook,6583782
1072,–ù–µ–≤–µ—Ä–æ—è—Ç–Ω—ã–π –º–∏—Ä,33842750,incred_world,6583782
1073,Nature|–ü—Ä–∏—Ä–æ–¥–∞,35285306,vknature,6583782
1074,Atelier Mona Design.Made in Italy,44011300,monadesigndresses,6583782
1075,–§–∏—Ç–Ω–µ—Å –†–µ—Ü–µ–ø—Ç—ã ‚Äî –ø—Ä–∞–≤–∏–ª—å–Ω–æ–µ –∏ –∑–¥–æ—Ä–æ–≤–æ–µ –ø–∏—Ç–∞–Ω–∏–µ,80410546,fitness_recepty,6583782
1076,–ü—Ä–æ—Å—Ç–æ –ø–æ–¥–≥–æ—Ç–æ–≤–∫–∞ –û–ì–≠ 2018,81085357,ege_go2018,6583782
1077,–ú–∏–Ω—É—Å 10 –∫–≥,86224065,minys10,6583782
1078,–î–µ–∫–æ—Ä–∞—Ç–∏–≤–Ω—ã–µ –Ω–∞–∫–ª–µ–π–∫–∏ 2stick.ru,2553946,2stick,6583859
1079,"–ê—Ä–µ–Ω–¥–∞, –ø—Ä–æ–∫–∞—Ç, –∑–≤—É–∫–∞, —Å–≤–µ—Ç–∞, Dj-–æ–±–æ—Ä—É–¥–æ–≤–∞–Ω–∏—è!",28818387,prokat_zvuka_i_sveta,6583859
1080,–°–æ–∫—Ä–æ–≤–µ–Ω–Ω–∏–∫ | –ò–Ω—Ç–µ—Ä–µ—Å–Ω—ã–µ –§–∞–∫—Ç—ã. –¶–∏—Ç–∞—Ç—ã. –ù–æ–≤–æ—Å—Ç–∏.,31072602,sokrovennikru,6583859
1081,–ë–∏–∑–Ω–µ—Å,37686027,spekylyant,6583859
1082,–ü–æ–¥—Ä–∞–±–æ—Ç–∫–∞ –≤ –¢—é–º–µ–Ω–∏,38676112,72podrabotka,6583859
1083,Fun Post,44911987,fp_vk,6583859
1084,"–î–µ–Ω–∏—Å –ß–µ—Ä—Ç–æ–≤—Å–∫–∏–π - —Ñ–æ–∫—É—Å–Ω–∏–∫, –º–µ–Ω—Ç–∞–ª–∏—Å—Ç",46843922,comedymagic,6583859
1085,–°—Ç–∞–≤–∫–∏ –Ω–∞ Dota2 | The International 2018,49061403,stavkiclub_dota2,6583859
1086,–ë—Ä–∞—Å–ª–µ—Ç—ã  —à–∞–º–±–∞–ª–∞,53105242,original_shamballa,6583859
1087,–î–µ–ª–∞–µ–º —Ç–≤–æ–π –¥–µ–Ω—å,53719081,club53719081,6583859
1088,–°—Ç–∏–ª—å –∂–∏–∑–Ω–∏,54042377,club54042377,6583859
1089,–¢–≤–æ–π –º–∏—Ä –≥–ª–∞–∑–∞–º–∏ —Ñ–æ—Ç–æ–≥—Ä–∞—Ñ–∞,54045533,favoritespictures,6583859
1090,–†–æ—Å—Å–∏—è - —ç—Ç–æ...,54717003,rashka_adventures,6583859
1091,Handmade‚úÇ–®–∫–∞—Ç—É–ª–∫–∞ –∏–¥–µ–π‚úÇ–ò–∑–¥–µ–ª–∏—è —Ä—É—á–Ω–æ–π —Ä–∞–±–æ—Ç—ã,55381039,hand_made_with_love_krasnodar,6583859
1092,–≠–∫—Å—Ç—Ä–µ–º–∞–ª—å–Ω–æ–µ –ª–∏–¥–µ—Ä—Å—Ç–≤–æ,55452958,extreme_leadership,6583859
1093,–ü–ê–ú–ú —Å—á–µ—Ç–∞  –ü–∞–Ω—Ç–µ–æ–Ω –§–∏–Ω–∞–Ω—Å (Panteon Finance),55497400,pantfinance,6583859
1094,Start Profit - —Å—Ç–∞—Ä—Ç –¥–ª—è –±–∏–∑–Ω–µ—Å–∞ –≤ EmGOLDEX,56043501,bisnesfire,6583859
1095,–õ—É—á—à–∏–µ —Ñ–æ—Ç–æ–≥—Ä–∞—Ñ—ã –≤–∫–æ–Ω—Ç–∞–∫—Ç–µ,56766446,best_vk_photographers,6583859
1096,–ö—É–ø–∏—Ç—å –≥–æ–ª–¥ Diablo 3,56862626,kupit_gold_diablo3,6583859
1097,–ö—É–ø–∏—Ç—å –≥–æ–ª–¥ –î–∏–∞–±–ª–æ 3,56864737,kupit_gold_diablo_3,6583859
1098,–ö—É–ø–∏—Ç—å –∑–æ–ª–æ—Ç–æ Diablo 3,56864800,kupit_zoloto_diablo3,6583859
1099,–ö—É–ø–∏—Ç—å –∑–æ–ª–æ—Ç–æ –î–∏–∞–±–ª–æ 3,56864836,kupit_zoloto_diablo_3,6583859
1100,"–ú–µ—Ç—Ä –ó–∞ –ú–µ—Ç—Ä–æ–º –†–µ–º–æ–Ω—Ç –∫–≤–∞—Ä—Ç–∏—Ä, –æ—Ñ–∏—Å–æ–≤, –∫–æ—Ç—Ç–µ–¥–∂–µ–π",56866361,metrzametrom,6583859
1101,—Ä–∞–∑,56868911,pronba,6583859
1102,–ö—É–ø–∏—Ç—å –∫–ª—é—á Diablo 3,56897055,kupit_kluch_diablo_3,6583859
1103,–°–∞—Ä–∫–∞–∑–º,26030283,agil_vk,6583863
1104,‚Ä¢ –ê–Ω–µ–∫–¥–æ—Ç—ã,35930308,anecdotess,6583863
1105,–¢—Ä—è—Ö–Ω–∏ –ù–æ—Ä–º–∞–ª—å–Ω–æ—Å—Ç—å,23433159,trahninormalnost1,6583863
1106,TrollFace,31579712,fun_troll,6583863
1107,–ö–æ—Ä–ø–æ—Ä–∞—Ü–∏—è –ó–ª–∞,29246653,evil_incorparate,6583863
1108,–£–±–æ–π–Ω—ã–π —é–º–æ—Ä,30179569,fucking_humor,6583863
1109,EDuck,61837523,evil.duck,6583863
1110,–ü—Ä–∏–∫–æ–ª—ã,33770645,pzdcl,6583863
1111,–ú–∞–ª–æ–≥–∞–±–∞—Ä–∏—Ç–∫–∞,141409293,40sq_m,6583863
1112,–õ–µ–æ–Ω–∞—Ä–¥–æ –î–∞–π –í–∏–Ω—á–∏–∫,91050183,dayvinchik,6583863
1113,"""–¶–£–ú.–í—Å—ë –¥–ª—è –¥–æ–º–∞"". –ò–Ω—Ç–µ—Ä–Ω–µ—Ç-–º–∞–≥–∞–∑–∏–Ω",110210839,discontby,6583863
1114,–°–ú–° –ø—Ä–∏–∫–æ–ª—ã :D,30532220,i4sms,6583863
1115,–í–æ–∑—å–º–∏ —Ö–æ—Ä–æ—à–µ–µ –Ω–∞—Å—Ç—Ä–æ–µ–Ω–∏–µ,51603326,club51603326,6583863
1116,–ù–∞—à–µ —Ç–µ–ª–æ [–ú–µ–¥–∏—Ü–∏–Ω—Å–∫–æ–µ —Å–æ–æ–±—â–µ—Å—Ç–≤–æ],27885374,ybody,6583863
1117,–ó–∞–∫—Ä—ã—Ç—ã–π –ñ–µ–Ω—Å–∫–∏–π –ö–ª—É–± (–ó–ñ–ö),44218927,women.clubb,6583863
1118,–°–∞–ª—å–≤–∞–¥–æ—Ä –≤ –î–∞–ª–∏,31935896,agil6_vk,6583863
1119,–û–¢–ö–†–û–í–ï–ù–ù–û–ï|–ñ–µ–Ω—Å–∫–∏–µ –º—ã—Å–ª–∏|–°—Ç–∞—Ç—É—Å—ã|–Æ–º–æ—Ä,35370899,otkrovennoe18,6583863
1120,–ß—ë—Ç–∫–∏–µ –ü—Ä–∏–∫–æ–ª—ã,30008385,prikalnis,6583863
1121,–ö—Ä–∞—Ç–∫–∏–µ –§–∞–∫—Ç—ã,39546882,oglobalnam,6583863
1122,–¢–æ–Ω–∫–∏–π –Æ–º–æ—Ä,37467838,smexzakon,6583863
1123,–ö–∞–ø—Ä–∏–∑–Ω–∞—è —Ü–∞—Ä–∏—Ü–∞,127020815,vk.caprisa,6583863
1124,–°—Ç—Ä–∞–Ω–Ω—ã–π —é–º–æ—Ä,29614963,c.umor,6583863
1125,Factura ‚Äî –∞—Ä—Ç –±–ª–æ–≥,25817269,factura,6583863
1126,–†–µ–∞–ª—å–Ω–æ —Å–º–µ—à–Ω–æ,33257036,anfeed,6583863
1127,–ì–õ–ê–í–ù–û–í–û–°–¢–ò,173277106,glvnovosti,6583863
1128,–§–∞–∫—Ç—ã –æ –¢–µ–ª—å—Ü–∞—Ö,123138728,facts_taurus,6583863
1129,–û—Ç–Ω–æ—à–µ–Ω–∏—è –∏ –ª—é–±–æ–≤—å,39476890,couple_me,6583863
1130,–ü—É—Ç–µ—à–µ—Å—Ç–≤–∏—è | –ò–Ω—Ç–µ—Ä–µ—Å–Ω—ã–µ —Ñ–∞–∫—Ç—ã,42365455,goodtravels,6583863
1131,–ó–õ–û–ô –ú–ï–î–ò–ö,43540875,zloymedik,6583863
1132,–ß–∏—Å—Ç–æ –ø—Ä–∏–∫–æ–ª—ã,100966733,za.secundu,6583863
1133,–ö—Ä–∞—Ç–∫–∏–µ —Ñ–∞–∫—Ç—ã,75149440,fact,6583863
1134,"–¢–∞–º, –≥–¥–µ –Ω–µ –≥–∞—Å–Ω—É—Ç –∑–≤—ë–∑–¥—ã. –°—Ç–∏—Ö–∏.",37442070,club37442070,6583863
1135,–ü—Ä–∞–∫—Ç–∏—á–µ—Å–∫–∞—è –ø—Å–∏—Ö–æ–ª–æ–≥–∏—è,62398004,pro.psyx,6583863
1136,–ß–Å–†–ù–´–ô –Æ–ú–û–†,39269721,blckhumor,6583863
1137,–û–∫–Ω–æ –≤ –∏—Å—Ç–æ—Ä–∏—é | –í—Å–µ–ª–µ–Ω–Ω–∞—è,127811605,universist,6583863
1138,–°–º–µ–π—Å—è –¥–æ —Å–ª—ë–∑ :D,26419239,ifun,6583863
1139,–®–∞–ª—å–Ω–∞—è,107140799,galileo,6583863
1140,–î—É—à–∞ –¥–∞–≤–Ω–æ –∑–∞–±—ã—Ç–æ–≥–æ –ø–æ—ç—Ç–∞.,27771365,club27771365,6583863
1141,–ö–Ω–∏–≥–∞ —Ä–µ–∫–æ—Ä–¥–æ–≤ - –ò–Ω—Ç–µ—Ä–µ—Å–Ω—ã–µ —Ñ–∞–∫—Ç—ã,35364891,kn_rec,6583863
1142,–†–µ–¥–∫–∏–µ –∫–∞–¥—Ä—ã.,64173570,kadrr1,6583863
1143,–ß–∏—Ç–∞—é—â–∏–µ,56918454,club56918454,6583863
1144,–ö–æ—Ä–ø–æ—Ä–∞—Ü–∏—è –Æ–º–æ—Ä–∞ „ÉÑ,23537466,corporationofhumor,6583863
1145,Discovery,25117353,discovery__world,6583863
1146,–Å–ü,12382740,fuck_humor,6583863
1147,–ú–æ–º–µ–Ω—Ç—ã –∏—Å—Ç–æ—Ä–∏–∏,75115271,histmoments,6583863
1148,Art & Fun,45739071,art_fun,6583863
1149,–§–∞–∫—Ç–æ—Ä–∏—è,65953436,fucktorgy,6583863
1150,–í—Ä–∞–ß–∏—Ç–∞LL–∞ [ –ú–µ–¥–∏—Ü–∏–Ω–∞ | –ú–µ–¥–∏–∫–∏ | –í—Ä–∞—á–∏ ],73647779,i_am_a_good_doctor,6583863
1151,Batman World,110505719,batman_pub,6583863
1152,–õ–∞–π—Ñ—Ö–∞–∫–µ—Ä,151140262,life_xakep,6583863
1153,–ò—Å—Ç–æ—Ä–∏—è –ß–µ–ª–æ–≤–µ—á–µ—Å—Ç–≤–∞,79483347,incredible0,6583863
1154,–®–µ—Ñ-–ø–æ–≤–∞—Ä | GIF —Ä–µ—Ü–µ–ø—Ç—ã,152411051,sheff.povar,6583863
1155,–ü–∏***—Ü –≤–µ—â–∞–µ—Ç!,32114286,p_vesh,6583863
1156,Medicine Live (—Ç–æ–ª—å–∫–æ –¥–ª—è –º–µ–¥–∏–∫–æ–≤),47591566,medicinelive,6583863
1157,Black Science,127451518,black.science,6583863
1158,–ê —ç—Ç–æ –∏–Ω—Ç–µ—Ä–µ—Å–Ω–æ!,91255629,factums,6583863
1159,‚òÖ –ê–†–ú–ò–Ø - –ú—É–∂—Å–∫–æ–µ —Å–æ–æ–±—â–µ—Å—Ç–≤–æ ‚Ññ1,15326149,army_sila,6583863
1160,–î–æ–º –§–∞–∫—Ç–æ–≤ | –ë–æ—Ç,99144788,house_of_facts,6583863
1161,–°—É–ø–µ—Ä–¥–µ—Ç–∏,41511767,superdeti.media,6583863
1162,"–ê —Ç—ã —Ä–µ–∞–ª—å–Ω–æ —Ä–∂—ë—à—å, –∫–æ–≥–¥–∞ —Å–º–∞–π–ª–∏–∫–∏ —Å—Ç–∞–≤–∏—à—å?",31482748,realno_rjew,6583863
1163,–î—É—à–∞ –ø–æ–¥ –ú–∞—Å–∫–æ–π,41956745,soulmaskeddd,6583863
1164,–ë–µ–∑—É–º–Ω—ã–µ –ø—Ä–∏–∫–æ–ª—ã | –ë–æ—Ç,28546855,crazy.funn,6583863
1165,–ê–ú–ò,83022759,amimebel,6583863
1166,–ü–æ—à–ª—ã–µ –∞–Ω–µ–∫–¥–æ—Ç—ã,52035408,sexyanekdot,6583863
1167,–ü–æ–∑–∏—Ç–∏–≤ | –ü—Ä–∏–∫–æ–ª—ã,32121616,club32121616,6583863
1168,–ñ–µ–Ω—Å–∫–∞—è –ø—Å–∏—Ö–æ–ª–æ–≥–∏—è,33382046,womenvk,6583863
1169,FRESH GIF,152191544,fresh_gifs,6583863
1170,–î–µ–≤—É—à–∫–∞ —Å —Ö–∞—Ä–∞–∫—Ç–µ—Ä–æ–º,44232142,devuschka_ru,6583863
1171,–í—ã—Å–æ–∫–∏–µ —Ç–µ—Ö–Ω–æ–ª–æ–≥–∏–∏,124477294,texnomir7,6583863
1172,–¶–∏—Ç–∞—Ç—ã –∏ —Å—Ç–∞—Ç—É—Å—ã,23164653,psdnevnik,6583863
1173,–°–µ–∫—Ä–µ—Ç—ã –∂–µ–Ω—Å–∫–æ–π –∫—Ä–∞—Å–æ—Ç—ã,41425104,secret.beauty,6583863
1174,–Ø –ö–û–°–ú–ï–¢–û–õ–û–ì | –ü–†–û–§–ï–°–°–ò–û–ù–ê–õ–¨–ù–ê–Ø –ö–û–°–ú–ï–¢–û–õ–û–ì–ò–Ø,36456996,gazetak,6583863
1175,–≠–≥–æ–∏—Å—Ç,76906453,club76906453,6583863
1176,ART & LIFE,38666219,ilart,6583863
1177,–õ–∞–π—Ñ—Ö–∞–∫–µ—Ä—à–∞,125770269,lifehack_girl,6583863
1178,–ü–µ—Ä—á–∏–∫,97954625,perchik_pub,6583863
1179,–ë–£–î–¨ –í –ö–£–†–°–ï (–ë–í–ö),88469025,v_kyrce,6583863
1180,–°–∞–º–æ—Ä–∞–∑–≤–∏—Ç–∏–µ,138737375,pooprosam,6583863
1181,–°–¢–£–î–ï–ù–¢-–ú–ï–î–ò–ö [–û–§–ò–¶–ò–ê–õ–¨–ù–ê–Ø –°–¢–†–ê–ù–ò–¶–ê],29716377,yamedik,6583863
1182,Cook Good - –ª—É—á—à–∏–µ —Ä–µ—Ü–µ–ø—Ç—ã,39009769,cook_good,6583863
1183,–ú—É–∂—Å–∫–æ–π —Ä–∞–π,38290762,fupoff,6583863
1184,Az–ë—É–∫–∞ –ñ–∏–∑–Ω–∏,41863796,az_bu_ka_zhizni,6583863
1185,–ö–Ω–∏–≥–∞ —Ä–µ–∫–æ—Ä–¥–æ–≤,78388911,book.record,6583863
1186,1001 –ú–µ–º,25089415,mem1001,6583863
1187,–¢–†–ï–í–û–ñ–ù–´–ï –ù–û–í–û–°–¢–ò,170191666,trevogznie_novosti,6583863
1188,–ú–æ–¥–Ω–∞—è –¥–µ–≤—É—à–∫–∞,36085261,for.girl,6583863
1189,...–í –∫–∞–∂–¥–æ–º –º–æ–ª—á–∞–Ω–∏–∏ –µ—Å—Ç—å —Å–≤–æ–π —Ä–∞–∑–≥–æ–≤–æ—Ä...,53805379,club53805379,6583863
1190,–¢–µ—Ä—Ä–∏—Ç–æ—Ä–∏—è –î–æ–±—Ä–∞,34964358,ourtown,6583863
1191,–®—É—Ç–Ω–∏–∫,45608667,shutniki_ru,6583863
1192,–ù–æ—Å—Ç–∞–ª—å–≥–∏—è.,60109889,90e_sssr,6583863
1193,–®–∏–∫–∞—Ä–Ω–∞—è –∂–µ–Ω—â–∏–Ω–∞,163316424,shikwomans,6583863
1194,–ü–æ—Ç—Ä—è—Å–∞—é—â–∞—è –¥–µ–≤—É—à–∫–∞,164785845,club164785845,6583863
1195,–±–µ—Å–∏—à—å –º–µ–Ω—è,56492642,leafd,6583863
1196,JUST TRAVEL | –ü—É—Ç–µ—à–µ—Å—Ç–≤–∏—è,39651759,allworld,6583863
1197,–ö–ï–ö–°,128276299,cakehumor,6583863
1198,inomedis,69411934,inomedis_by,6583863
1199,Women's Secrets,34486229,secretswoman,6583863
1200,–°—á–∞—Å—Ç—å–µ,35979047,happiness_2019,6583863
1201,medicine.| –í—Ä–∞—á–∏ –ë–µ–ª–∞—Ä—É—Å–∏,39106744,medicineby,6583863
1202,–¢–í–û–ô –ú–ò–ù–°–ö,11003113,etominsk,6583863
1203,–£–¥–∏–≤–∏—Ç–µ–ª—å–Ω—ã–µ –∏—Å—Ç–æ—Ä–∏–∏,51267957,amazing_stories_public,6583863
1204,–ü—Å–∏—Ö–æ–ª–æ–≥–∏—è –æ—Ç–Ω–æ—à–µ–Ω–∏–π,40498005,psy.people,6583863
1205,–î–æ—Ä–æ–∂–Ω—ã–µ –í–æ–π–Ω—ã,153344099,road_wars,6583863
1206,–ñ–µ–Ω—Å–∫–∏–µ –º—ã—Å–ª–∏,31051063,womanmind,6583863
1207,–ú–æ–¥–Ω–∏—Ü–∞,47610596,dress.fashion,6583863
1208,–ö–∞–¥—Ä—ã. –ü—É—Ç–µ—à–µ—Å—Ç–≤—É–π —Å –Ω–∞–º–∏!,69580110,nowhello,6583863
1209,"–°–∏–ª–∞ –º—ã—Å–ª–µ–π | –§–∏–ª–æ—Å–æ—Ñ–∏—è, —é–º–æ—Ä, –∂–µ–Ω—Å–∫–æ–µ —Å—á–∞—Å—Ç—å–µ.",35555555,club35555555,6583863
1210,–°–º–µ—à–Ω–æ –î–æ –ë–æ–ª–∏ „ÉÑ,33159467,smechno_do_boli,6583863
1211,–°–∫–∞–Ω–¥–∞–ª—å–Ω—ã–µ —Ñ–∞–∫—Ç—ã üì¢,93598338,fakt05,6583863
1212,–°–∞—Ä–∫–∞–∑–º,60801114,sarcu,6583863
1213,–ö—É–ª–∏–Ω–∞—Ä–Ω—ã–π –±–ª–æ–≥,161879129,recept_blog,6583863
1214,–û —á–µ–º –¥—É–º–∞—é—Ç –∂–µ–Ω—â–∏–Ω—ã?,20469811,serde4ko_o0,6583863
1215,–î–µ-—Ñ–∞–∫—Ç–æ,91307931,fakto_de,6583863
1216,–ù–µ –¥–ª—è —Ç–æ–≥–æ –º–∞–º–∞ —è–≥–æ–¥–∫—É —Ä–∞—Å—Ç–∏–ª–∞!,32494444,trully,6583863
1217,Scientia,163277781,sc1entia,6583863
1218,–î–æ—Å—Ç–∏–∂–µ–Ω–∏—è —á–µ–ª–æ–≤–µ—á–µ—Å—Ç–≤–∞,122723551,sciencemodern,6583863
1219,–ò–¥–µ–∞–ª—å–Ω–∞—è —Å–≤–∞–¥—å–±–∞,46789042,biblia_nevest,6583863
1220,–ù–û–ß–¨,25189523,decadence,6583863
1221,–ß—ë—Ä–Ω—ã–π —é–º–æ—Ä,58158419,tophumora,6583863
1222,World Top - –ò–Ω—Ç–µ—Ä–µ—Å–Ω—ã–µ —Ñ–∞–∫—Ç—ã,70174693,facttrue,6583863
1223,–ò–Ω—Ñ–æ–º–∞–Ω–∏—è,110065937,info_mania,6583863
1224,–û–ë–°,74239057,ohsavet,6583863
1225,Stylebook,33098137,style.book,6583863
1226,–ó–ª–æ–π –ì–µ–Ω–∏–π,58087258,zloyhumora,6583863
1227,–ü—Å–∏—Ö–æ–ª–æ–≥–∏—è,55662720,psyxov,6583863
1228,–°–∞—Ä–∫–∞–∑–º,35850939,humour,6583863
1229,–®–∫–æ–ª–∞ –∫—Ä–∞—Å–æ—Ç—ã,45064245,be.beauty,6583863
1230,XXI –≤–µ–∫,93316013,xx1_century,6583863
1231,–û–Ω —Ç–∞–∫–æ–π –æ–¥–∏–Ω,85320507,ontakoy1,6583863
1232,–ú–æ–π –º–∞–ª—å—á–∏–∫. ‚àû,39280341,club39280341,6583863
1233,"–¢–æ, —á—Ç–æ –≤–¥–æ—Ö–Ω–æ–≤–ª—è–µ—Ç‚Ä¶",38462835,inspiration_cards,6583863
1234,Smart - —É–º–Ω—ã–π –∂—É—Ä–Ω–∞–ª!,47679753,be.smart,6583863
1235,The Brain,47211280,the__brain,6583863
1236,–ú–∏—Ä –∫—Ä–∞—Å–æ—Ç—ã,34981365,be.girl,6583863
1237,"–ü—Ä–µ–∫—Ä–∞—Å–Ω–∞—è —Ö–æ–∑—è–π–∫–∞: –î–æ–º, –£—é—Ç, –õ—é–±–æ–≤—å, –°–µ–º—å—è",47029734,w.place,6583863
1238,Discovery,101888079,club101888079,6583863
1239,–ß–ì–ö –í–ö ‚Äî –°–ø–æ—Ä—Ç–∏–≤–Ω–æ–µ ¬´–ß—Ç–æ? –ì–¥–µ? –ö–æ–≥–¥–∞?¬ª,89780700,chgkvk,6583863
1240,–õ–∞–π—Ñ–•–∞–∫ | –ö—Ä—É—Ç—ã–µ –ø–æ–¥–∞—Ä–∫–∏,46257871,club46257871,6583863
1241,–ñ–µ–Ω—Å–∫–∏–π –ö–ª—É–± | –†–µ—Ü–µ–ø—Ç—ã,32646740,mdk.girls,6583863
1242,–ò—Å–ø–æ—Ä—á–µ–Ω–Ω—ã–µ —Ñ–æ—Ç–æ,34720061,badphotos,6583863
1243,–¢–∞–π–Ω—ã –ò—Å—Ç–æ—Ä–∏–∏,58010960,history_mystery,6583863
1244,–î–Ω–µ–≤–Ω–∏–∫ –Ω–∞—Å—Ç–æ—è—â–µ–π –ª–µ–¥–∏ /–°—Ç–∞—Ç—É—Å—ã/,31942200,id_31942200,6583863
1245,–ü–µ—Ä–≤—ã–π –º–µ–¥–∏—Ü–∏–Ω—Å–∫–∏–π,48652426,mma_2013,6583863
1246,–ú–∏—Ä–æ–≤–æ–π –ø–æ–≤–∞—Ä,152239875,mirrpovar,6583863
1247,–õ–∞–π—Ñ—Ö–∞–∫,57445402,vk1hack,6583863
1248,–°—Ç–æ–ª–±—Ü—ã-–î–∑–µ—Ä–∂–∏–Ω—Å–∫-–ú–∏–Ω—Å–∫-–ë–æ—Ä–æ–≤–ª—è–Ω—ã / –ú–∞—Ä—à—Ä—É—Ç–∫–∞,52799382,stolbcy_borovlyanu,6583863
1249,–°–∞–ª–æ–Ω –∫—Ä–∞—Å–æ—Ç—ã,34757875,be.women,6583863
1250,–ë–µ—Å–ø–ª–∞—Ç–Ω—ã–π –ú–∏–Ω—Å–∫,57422635,minskforfree,6583863
1251,–ù–µ–≤–µ—Ä–æ—è—Ç–Ω—ã–µ –ø—É—Ç–µ—à–µ—Å—Ç–≤–∏—è,117955200,fantastic_travels,6583863
1252,World of History,25752703,world_his,6583863
1253,GEARBOX : –ê–≤—Ç–æ–º–æ–±–∏–ª—å–Ω–æ–µ —Å–æ–æ–±—â–µ—Å—Ç–≤–æ,28016073,vkgearbox,6583863
1254,–ù–∞—É–∫–∞ –∏ –§–∞–∫—Ç—ã,34118551,scifacts,6583863
1255,–ö–Ω–∏–≥–∞ —Ä–µ–∫–æ—Ä–¥–æ–≤ | –®–æ–∫,34543413,records_book,6583863
1256,–í—Å–µ–≥–¥–∞ –≥–æ–≤–æ—Ä–∏ –î–∞ | –ú–æ—Ç–∏–≤–∞—Ü–∏—è –∏ –≤–¥–æ—Ö–Ω–æ–≤–µ–Ω–∏–µ,35143550,m_yes,6583863
1257,–ò–¥–µ–∏ Handmade,42811897,made_in_hand,6583863
1258,–û —á–µ–º –≥–æ–≤–æ—Ä—è—Ç –º—É–∂—á–∏–Ω—ã,34137285,for_men_only,6583863
1259,–°–æ–≤—Ä–µ–º–µ–Ω–Ω–∞—è –º–∞–º–∞,55074079,x_mam,6583863
1260,–ò–¥–µ–∏,70275937,club70275937,6583863
1261,–ú–∞–ª–æ–º–µ—Ç—Ä–∞–∂–∫–∞,36600638,interdecor,6583863
1262,–®–µ–¥–µ–≤—Ä—ã —Ä—É–∫–æ–¥–µ–ª–∏—è,43688579,h.made,6583863
1263,–ù–µ–≤–µ—Ä–æ—è—Ç–Ω—ã–µ —Ñ–∞–∫—Ç—ã,72985232,unbfacts,6583863
1264,–ò–¥–µ–∏ –¥–ª—è –¥–æ–º–∞ üçì,55363991,home.idea,6583863
1265,–ñ–µ–Ω—Å–∫–∞—è –∏–Ω—Ç—É–∏—Ü–∏—è | –≠–∑–æ—Ç–µ—Ä–∏–∫–∞,41299365,jen_int,6583863
1266,Like –§–∞–∫—Ç—ã,66287176,like_fakt,6583863
1267,–ù–∞—É—á–Ω–∞—è –õ–∞–±–æ—Ä–∞—Ç–æ—Ä–∏—è,128375005,sciencelabvk,6583863
1268,Nature|–ü—Ä–∏—Ä–æ–¥–∞,35285306,vknature,6583863
1269,–£–ª–µ—Ç–Ω—ã–µ –ø—Ä–∏–∫–æ–ª—ã,22741624,humour.page,6583863
1270,–®–µ–¥–µ–≤—Ä—ã —Ä–µ–∫–ª–∞–º—ã,29302425,bestad,6583863
1271,–ù–∞—É–∫–∞ | –£–¥–∏–≤–∏—Ç–µ–ª—å–Ω—ã–µ –§–∞–∫—Ç—ã,116622031,factsinworld,6583863
1272,"–ì–Ω–µ–∑–¥—ã—à–∫–æ l –î–æ–º–∞—à–Ω–∏–π —É—é—Ç, –¥–µ–∫–æ—Ä, –¥–∏–∑–∞–π–Ω",71443542,moe_gnezdishko,6583863
1273,–ü–æ—Ö–æ–¥—ã. –¢—É—Ä–∏–∑–º. –†—ã–±–∞–ª–∫–∞. –§–æ—Ç–æ –æ—Ö–æ—Ç–∞,152326199,hikesrb,6583863
1274,–£–¥–∞—á–Ω—ã–µ –ö–∞–¥—Ä—ã | –§–æ—Ç–æ–≥—Ä–∞—Ñ–∏–∏ –∏ —Ñ–æ—Ç–æ–≥—Ä–∞—Ñ—ã,64628087,rarephoto,6583863
1275,"–°—Ç–∏—Ä–∞–ª—å–Ω—ã–µ –º–∞—à–∏–Ω—ã. –†–µ–º–æ–Ω—Ç –î–∑–µ—Ä–∂–∏–Ω—Å–∫, –§–∞–Ω–∏–ø–æ–ª—å.",137712995,stirka406090,6583863
1276,‚ñ∫ –ú—É–∂—Å–∫–æ–π –∂—É—Ä–Ω–∞–ª -  –ü–∞—Ü–∞–Ω—ã –≤–∞—â–µ —Ä–µ–±—è—Ç–∞,30767446,in_underground,6583863
1277,–ü–æ–¥—Å–ª—É—à–∞–Ω–æ –î–∑–µ—Ä–∂–∏–Ω—Å–∫:D(–ë–µ–ª–∞—Ä—É—Å—å),64479277,overhear__dz_city,6583863
1278,–ü–æ–¥—Å–ª—É—à–∞–Ω–æ –≤ —Ç–∞–∫—Å–∏ [–î–∑–µ—Ä–∂–∏–Ω—Å–∫],152290738,club152290738,6583863
1279,Hi-Tech | –ù–∞—É–∫–∞ –∏ —Ç–µ—Ö–Ω–∏–∫–∞,35809584,tech.science,6583863
1280,–ò–Ω—Ç–µ—Ä–µ—Å–Ω–æ–µ –∏–∑ –º–∏—Ä–∞,48008271,intepesnno,6583863
1281,–û–± –∏–Ω—Ç–µ—Ä–µ—Å–Ω–æ–º,104560153,interesting_so,6583863
1282,–ò–Ω—Ñ–æ–ú–∞–Ω–∏—è / –†–æ—Å—Å–∏—è –∏ –ú–∏—Ä,95741089,historfacts,6583863
1283,2050 | –ù–∞—É–∫–∞ HI-TECH,140218875,hitech2050,6583863
1284,5 –∏–Ω—Ç–µ—Ä–µ—Å–Ω—ã—Ö —Ñ–∞–∫—Ç–æ–≤,25346844,v5inf,6583863
1285,–ò–¥–µ–∏ –¥–∏–∑–∞–π–Ω–∞ –∏–Ω—Ç–µ—Ä—å–µ—Ä–∞,36184135,i_des,6583863
1286,–ü–ó–î–¶,28261265,fuck_hum,6583863
1287,"–°–º–æ—Ç—Ä–∏, —á—Ç–æ —è –∫—É–ø–∏–ª",132239455,club132239455,6583863
1288,Amazing Girls,35325859,am_girls,6583863
1289,–®–∫–æ–ª–∞ —Ä–µ–º–æ–Ω—Ç–∞,38379853,rem_shkola,6583863
1290,–ö—Ä–∞—Ç–∫–∏–µ —Ñ–∞–∫—Ç—ã,51238529,easy.l1fe,6583863
1291,–£–¥–∏–≤–∏—Ç–µ–ª—å–Ω–æ–µ –∏ –Ω–µ–≤–µ—Ä–æ—è—Ç–Ω–æ–µ,46796436,doyuknow,6583863
1292,–¢–∏–ø–∏—á–Ω–∞—è –∂–µ–Ω—â–∏–Ω–∞,14639016,typic.woman,6583863
1293,–¢–ï–•–ù–ò–ö–£–ú,31519603,tehniqum,6583863
1294,‚Ä¢ –ù–µ–ø—Ä–∏–ª–∏—á–Ω—ã–µ –ê–Ω–µ–∫–¥–æ—Ç—ã,28878216,super_cutting,6583863
1295,–°–¥–µ–ª–∞–Ω–æ —á–µ–ª–æ–≤–µ–∫–æ–º,105736223,sdelanochelovekom,6583863
1296,E-squire,24098496,ru.esquire,6583863
1297,–ú–æ—è –∫–≤–∞—Ä—Ç–∏—Ä–∞. –ú–æ—Å–∫–≤–∞,127925490,draft_msk,6583863
1298,–í—Å–µ–ª–µ–Ω–Ω–∞—è,132260444,club132260444,6583863
1299,–£—é—Ç–Ω—ã–π –¥–µ–∫–æ—Ä –¥–ª—è –¥–æ–º–∞. Handmade –∏ —Ä—É–∫–æ–¥–µ–ª–∏–µ,28587219,soverwenstvo.decora,6583863
1300,–í–Ø–ó–ê–ù–ò–ï,25683851,club25683851,6583863
1301,–õ—É—á—à–∏–µ –ø–æ–¥—Ä—É–≥–∏,31481256,dlya_podrug,6583863
1302,–ò–¥–µ–∏ –¥–ª—è —Ç–≤–æ—Ä—á–µ—Å—Ç–≤–∞ –∏ –ø–æ–¥–∞—Ä–∫–æ–≤ —Å–≤–æ–∏–º–∏ —Ä—É–∫–∞–º–∏,31805219,i_d_t,6583863
